type_line,oracle_text,edhrec_rank,colors,cmc,rarity,toughness,name,keywords,color_identity,power,mana_cost
Creature — Vampire Soldier,"When Dusk Legion Zealot enters the battlefield, you draw a card and you lose 1 life.",1753,['B'],2.0,common,1,Dusk Legion Zealot,[],['B'],1,{1}{B}
Creature — Insect,"Flying
Whenever Goldenglow Moth blocks, you may gain 4 life.",10790,['W'],1.0,common,1,Goldenglow Moth,['Flying'],['W'],0,{W}
Artifact Creature — Scarecrow,"{T}: Add one mana of any color.
{T}: Target creature becomes the color or colors of your choice until end of turn.",3328,[],3.0,uncommon,2,Scuttlemutt,[],[],2,{3}
Creature — Goblin,"Whenever you draw your second card each turn, create two 1/1 black Rat creature tokens.",8323,['R'],4.0,uncommon,2,Mad Ratter,[],['R'],1,{3}{R}
Enchantment,"At the beginning of each player's upkeep, that player sacrifices a nonland, nontoken permanent. If that player can't, they discard a card, they lose 2 life, you draw a card, you gain 2 life, you create a 2/2 white Knight creature token with vigilance, then you sacrifice Doom Foretold.",7251,"['B', 'W']",4.0,rare,,Doom Foretold,[],"['B', 'W']",,{2}{W}{B}
Creature — Faerie // Sorcery — Adventure,,8707,['W'],1.0,common,1,Faerie Guidemother // Gift of the Fae,['Flying'],['W'],1,{W} // {1}{W}
Creature — Elemental,Flying,11233,['U'],5.0,uncommon,4,Air Elemental,['Flying'],['U'],4,{3}{U}{U}
Creature — Skeleton Knight,"Haste
When you gain life for the first time each turn, return Deathless Knight from your graveyard to your hand.",12860,"['B', 'G']",4.0,uncommon,2,Deathless Knight,['Haste'],"['B', 'G']",4,{B/G}{B/G}{B/G}{B/G}
Creature — Cat Cleric,"{T}: Prevent the next 1 damage that would be dealt to any target this turn.
{T}: Prevent the next 2 damage that would be dealt to target artifact creature this turn.",15558,['W'],2.0,uncommon,1,Abuna Acolyte,[],['W'],1,{1}{W}
Creature — Zombie,"Undying (When this creature dies, if it had no +1/+1 counters on it, return it to the battlefield under its owner's control with a +1/+1 counter on it.)",3771,['B'],2.0,common,1,Butcher Ghoul,['Undying'],['B'],1,{1}{B}
Creature — Zombie,"When Gravedigger enters the battlefield, you may return target creature card from your graveyard to your hand.",2568,['B'],4.0,common,2,Gravedigger,[],['B'],2,{3}{B}
Creature — Zombie,"Unbreathing Horde enters the battlefield with a +1/+1 counter on it for each other Zombie you control and each Zombie card in your graveyard.
If Unbreathing Horde would be dealt damage, prevent that damage and remove a +1/+1 counter from it.",3029,['B'],3.0,rare,0,Unbreathing Horde,[],['B'],0,{2}{B}
Artifact,"{2}, {T}, Sacrifice Armillary Sphere: Search your library for up to two basic land cards, reveal them, put them into your hand, then shuffle your library.",1070,[],2.0,common,,Armillary Sphere,[],[],,{2}
Creature — Shapeshifter,You may have Clone enter the battlefield as a copy of any creature on the battlefield.,1567,['U'],4.0,rare,0,Clone,[],['U'],0,{3}{U}
Land,"Tranquil Cove enters the battlefield tapped.
When Tranquil Cove enters the battlefield, you gain 1 life.
{T}: Add {W} or {U}.",322,[],0.0,common,,Tranquil Cove,[],"['U', 'W']",,
Sorcery,"Create five 1/1 white Human creature tokens. If this spell was cast from a graveyard, create ten of those tokens instead.
Flashback {7}{W}{W} (You may cast this card from your graveyard for its flashback cost. Then exile it.)",1949,['W'],5.0,rare,,Increasing Devotion,['Flashback'],['W'],,{3}{W}{W}
Creature — Human Soldier,"{1}, {T}, Sacrifice another creature: You gain life equal to that creature's toughness. Draw a card.",15164,['B'],4.0,common,4,Bushmeat Poacher,[],['B'],2,{3}{B}
Creature — Nightmare Pangolin,,18889,['B'],3.0,common,5,Gloom Pangolin,[],['B'],1,{2}{B}
Artifact — Equipment,"Equipped creature has first strike.
As long as equipped creature is a Human, it gets +1/+1.
Equip {1}",11355,[],2.0,uncommon,,Sharpened Pitchfork,['Equip'],[],,{2}
Creature — Incarnation,"Flying
As long as Wonder is in your graveyard and you control an Island, creatures you control have flying.",1243,['U'],4.0,uncommon,2,Wonder,['Flying'],['U'],2,{3}{U}
Enchantment — Aura,"Enchant creature
Enchanted creature gets +2/+2 as long as it's a Human. Otherwise, it can't attack or block.",8682,['W'],2.0,common,,Bonds of Faith,['Enchant'],['W'],,{1}{W}
Sorcery,Destroy target tapped creature. You gain 1 life for each creature you control with flying.,10177,['W'],3.0,common,,Aerial Assault,[],['W'],,{2}{W}
Creature — Human Warrior,{R}: Disciple of the Old Ways gains first strike until end of turn.,16215,['G'],2.0,common,2,Disciple of the Old Ways,[],"['G', 'R']",2,{1}{G}
Enchantment Creature — Human Cleric,"Whenever a creature dies, if an Aura you control was attached to it, return target creature card with converted mana cost 2 or less from your graveyard to your hand.",13648,['W'],3.0,uncommon,3,Dawn Evangel,[],['W'],2,{2}{W}
Creature — Human Rogue,Temple Thief can't be blocked by enchanted creatures or enchantment creatures.,19353,['B'],2.0,common,2,Temple Thief,[],['B'],2,{1}{B}
Enchantment,"Extort (Whenever you cast a spell, you may pay {W/B}. If you do, each opponent loses 1 life and you gain that much life.)
Artifacts and creatures your opponents control enter the battlefield tapped.",263,['W'],2.0,rare,,Blind Obedience,['Extort'],['W'],,{1}{W}
Creature — Zombie,"As an additional cost to cast this spell, exile a creature card from your graveyard.
Undying (When this creature dies, if it had no +1/+1 counters on it, return it to the battlefield under its owner's control with a +1/+1 counter on it.)",14264,['U'],5.0,uncommon,4,Relentless Skaabs,['Undying'],['U'],4,{3}{U}{U}
Artifact — Equipment,"Equipped creature gets +3/+0.
As long as equipped creature is a Human, it has lifelink.
Equip {3}",8497,[],3.0,uncommon,,Butcher's Cleaver,['Equip'],[],,{3}
Instant,Destroy target artifact or enchantment.,875,['W'],2.0,common,,Disenchant,[],['W'],,{1}{W}
Sorcery,"Proliferate. (Choose any number of permanents and/or players, then give each another counter of each kind already there.)
Draw a card.",2485,['U'],2.0,common,,Contentious Plan,['Proliferate'],['U'],,{1}{U}
Artifact Creature — Construct,"When Corridor Monitor enters the battlefield, untap target artifact or creature you control.",5200,['U'],2.0,common,4,Corridor Monitor,[],['U'],1,{1}{U}
Creature — Treefolk Druid // Sorcery — Adventure,,11286,['G'],6.0,common,5,Tuinvale Treefolk // Oaken Boon,[],['G'],6,{5}{G} // {3}{G}
Enchantment Creature — Demon,"Bestow {3}{B}{B} (If you cast this card for its bestow cost, it's an Aura spell with enchant creature. It becomes a creature again if it's not attached to a creature.)
Flying
At the beginning of your upkeep, you lose 1 life.
Enchanted creature gets +3/+3 and has flying.",7979,['B'],3.0,rare,3,Herald of Torment,"['Flying', 'Bestow']",['B'],3,{1}{B}{B}
Legendary Creature — Angel,"Flying
Whenever you cast an instant or sorcery spell that targets a creature you control, exile that card instead of putting it into your graveyard as it resolves. If you do, return it to your hand at the beginning of the next end step.",2128,"['R', 'W']",3.0,rare,4,"Feather, the Redeemed",['Flying'],"['R', 'W']",3,{R}{W}{W}
Sorcery,"You draw two cards, lose 2 life, and put the top two cards of your library into your graveyard.",7514,['B'],3.0,common,,Funeral Rites,[],['B'],,{2}{B}
Creature — Dinosaur Cat,"Mutate {1}{R/W}{R/W} (If you cast this spell for its mutate cost, put it over or under target non-Human creature you own. They mutate into the creature on top plus all abilities from under it.)
Whenever this creature mutates, other creatures you control get +2/+1 until end of turn.",11017,"['R', 'W']",2.0,uncommon,2,Regal Leosaur,['Mutate'],"['R', 'W']",2,{R}{W}
Instant,"Counter target creature spell.
Draw a card.",6291,['U'],4.0,common,,Bone to Ash,[],['U'],,{2}{U}{U}
Creature — Cat Beast,"Riot (This creature enters the battlefield with your choice of a +1/+1 counter or haste.)
Trample
{4}{R}{G}: Frenzied Arynx gets +3/+0 until end of turn.",11636,"['G', 'R']",4.0,common,3,Frenzied Arynx,"['Trample', 'Riot']","['G', 'R']",3,{2}{R}{G}
Instant,"Exile target creature you control, then return it to the battlefield under its owner's control.
Flashback {3}{U} (You may cast this card from your graveyard for its flashback cost. Then exile it.)",2408,['W'],2.0,common,,Momentary Blink,['Flashback'],"['U', 'W']",,{1}{W}
Creature — Goblin Knight,Double strike,11595,['R'],3.0,common,2,Raging Redcap,['Double strike'],['R'],1,{2}{R}
Creature — Human Scout,"Constellation — Whenever an enchantment enters the battlefield under your control, target creature gets +1/+1 until end of turn.",15049,['W'],1.0,common,2,Pious Wayfarer,['Constellation'],['W'],1,{W}
Enchantment,Attacking non-Human creatures you control get +1/+0 and have trample.,6773,['R'],3.0,uncommon,,Ferocity of the Wilds,[],['R'],,{2}{R}
Instant,"Target creature you control gains protection from the color of your choice until end of turn. (It can't be blocked, targeted, dealt damage, enchanted, or equipped by anything of that color.)
Scry 1. (Look at the top card of your library. You may put that card on the bottom of your library.)",1744,['W'],1.0,common,,Gods Willing,['Scry'],['W'],,{W}
Creature — Ox,,12308,['W'],1.0,common,4,Yoked Ox,[],['W'],0,{W}
Creature — Wolverine,"Whenever you draw your second card each turn, Bloodhaze Wolverine gets +1/+1 and gains first strike until end of turn.",17720,['R'],2.0,common,1,Bloodhaze Wolverine,[],['R'],2,{1}{R}
Instant,Exile target creature.,12372,['B'],5.0,common,,Final Death,[],['B'],,{4}{B}
Instant,You gain twice X life. Put Sanguine Sacrament on the bottom of its owner's library.,4986,['W'],2.0,rare,,Sanguine Sacrament,[],['W'],,{X}{W}{W}
Creature — Siren,"Flash
Flying
When Threnody Singer enters the battlefield, target creature an opponent controls gets -X/-0 until end of turn, where X is your devotion to blue. (Each {U} in the mana costs of permanents you control counts towards your devotion to blue.)",16091,['U'],2.0,uncommon,3,Threnody Singer,"['Flying', 'Flash']",['U'],1,{1}{U}
Creature — Elemental,"Flying
Spells your opponents cast that target Boreal Elemental cost {2} more to cast.",13949,['U'],5.0,common,4,Boreal Elemental,['Flying'],['U'],3,{4}{U}
Enchantment,"As long as your life total is greater than or equal to your starting life total, creatures you control get +1/+1.
Whenever one or more creatures you control attack, you gain life equal to the number of attacking creatures.",5368,['W'],3.0,rare,,Path of Bravery,[],['W'],,{2}{W}
Creature — Antelope Lizard,Flycatcher Giraffid enters the battlefield with your choice of a vigilance counter or a reach counter on it.,18716,['G'],5.0,common,5,Flycatcher Giraffid,[],['G'],3,{4}{G}
Enchantment — Aura,"Flash
Enchant creature
Enchanted creature gets +1/+2.",11796,['W'],2.0,common,,Indomitable Will,"['Enchant', 'Flash']",['W'],,{1}{W}
Creature — Ogre Warrior,"When Undercity Scavenger enters the battlefield, you may sacrifice another creature. If you do, put two +1/+1 counters on Undercity Scavenger, then scry 2.",14153,['B'],4.0,common,3,Undercity Scavenger,['Scry'],['B'],3,{3}{B}
Creature — Pegasus,"Flying
{1}{W}: Sunmane Pegasus gains vigilance and lifelink until end of turn.",16730,['W'],4.0,common,3,Sunmane Pegasus,['Flying'],['W'],2,{3}{W}
Creature — Human Peasant,"Whenever you cast a creature spell that has an Adventure, draw a card. (It doesn't need to have gone on the adventure first.)",13901,['G'],1.0,uncommon,1,Edgewall Innkeeper,[],['G'],1,{G}
Land,"Scoured Barrens enters the battlefield tapped.
When Scoured Barrens enters the battlefield, you gain 1 life.
{T}: Add {W} or {B}.",250,[],0.0,common,,Scoured Barrens,[],"['B', 'W']",,
Enchantment Creature — Centaur Scout,,17364,['W'],3.0,common,4,Nyxborn Courser,[],['W'],2,{1}{W}{W}
Instant,Exile target creature with power 3 or less.,15210,['B'],3.0,uncommon,,Reaver Ambush,[],['B'],,{2}{B}
Creature — Harpy,"Flying
When Scavenging Harpy enters the battlefield, exile target card from an opponent's graveyard.",18115,['B'],3.0,common,1,Scavenging Harpy,['Flying'],['B'],2,{2}{B}
Sorcery,Target opponent reveals their hand. You choose a nonland card from it. That player discards that card. You may put a card that has an Adventure that player owns from exile into that player's graveyard.,15969,['B'],3.0,common,,Memory Theft,[],['B'],,{2}{B}
Creature — Human Soldier,"When Doomed Traveler dies, create a 1/1 white Spirit creature token with flying.",3154,['W'],1.0,common,1,Doomed Traveler,[],['W'],1,{W}
Creature — Zombie Wizard,"Whenever Undead Augur or another Zombie you control dies, you draw a card and you lose 1 life.",3213,['B'],2.0,uncommon,2,Undead Augur,[],['B'],2,{B}{B}
Creature — Nightmare Horse,"Underworld Charger can't block.
Escape—{4}{B}, Exile three other cards from your graveyard. (You may cast this card from your graveyard for its escape cost.)
Underworld Charger escapes with two +1/+1 counters on it.",16992,['B'],3.0,common,3,Underworld Charger,['Escape'],['B'],3,{2}{B}
Sorcery,"You may sacrifice two Foods. If you do, create a 7/7 green Giant creature token. Otherwise, create three Food tokens. (They're artifacts with ""{2}, {T}, Sacrifice this artifact: You gain 3 life."")",11653,['G'],3.0,uncommon,,Giant Opportunity,[],['G'],,{2}{G}
Enchantment,"Whenever a creature you control dies, you gain 1 life and draw a card.",1355,"['B', 'G']",5.0,uncommon,,Moldervine Reclamation,[],"['B', 'G']",,{3}{B}{G}
Creature — Zombie,"First strike
Whenever a creature dealt damage by Abattoir Ghoul this turn dies, you gain life equal to that creature's toughness.",10948,['B'],4.0,uncommon,2,Abattoir Ghoul,['First strike'],['B'],3,{3}{B}
Creature — Thrull,"Flying
Extort (Whenever you cast a spell, you may pay {W/B}. If you do, each opponent loses 1 life and you gain that much life.)",7133,"['B', 'W']",3.0,common,2,Kingpin's Pet,"['Flying', 'Extort']","['B', 'W']",2,{1}{W}{B}
Artifact,"{3}, {T}, Sacrifice Scalding Cauldron: It deals 3 damage to target creature.",14743,[],1.0,common,,Scalding Cauldron,[],[],,{1}
Artifact,"Weapon Rack enters the battlefield with three +1/+1 counters on it.
{T}: Move a +1/+1 counter from Weapon Rack onto target creature. Activate this ability only any time you could cast a sorcery.",11492,[],4.0,common,,Weapon Rack,[],[],,{4}
Creature — Merfolk Wizard,"Evolve (Whenever a creature enters the battlefield under your control, if that creature has greater power or toughness than this creature, put a +1/+1 counter on this creature.)
{1}{U}, {T}: Move a +1/+1 counter from Simic Fluxmage onto target creature.",8745,['U'],3.0,uncommon,2,Simic Fluxmage,[],['U'],1,{2}{U}
Artifact — Equipment,"Equipped creature has flying.
Equip {1} ({1}: Attach to target creature you control. Equip only as a sorcery.)",5191,[],2.0,common,,Cobbled Wings,['Equip'],[],,{2}
Creature — Zombie Drake,"Flying (This creature can't be blocked except by creatures with flying or reach.)
Scrapskin Drake can block only creatures with flying.",14744,['U'],3.0,common,3,Scrapskin Drake,['Flying'],['U'],2,{2}{U}
Sorcery,Gain control of target creature with converted mana cost 3 or less until end of turn. Untap that creature. It gains haste until end of turn.,9007,['R'],1.0,uncommon,,Claim the Firstborn,[],['R'],,{R}
Creature — Human Wizard,{T}: Exile target creature card from a graveyard.,13936,['W'],2.0,uncommon,2,Thraben Heretic,[],['W'],2,{1}{W}
Creature — Insect,"Flash
Flying
When Spire Mangler enters the battlefield, target creature with flying you control gets +2/+0 until end of turn.",17977,['B'],3.0,uncommon,1,Spire Mangler,"['Flying', 'Flash']",['B'],2,{2}{B}
Creature — Spirit,"Flying
When Tower Geist enters the battlefield, look at the top two cards of your library. Put one of them into your hand and the other into your graveyard.",12536,['U'],4.0,uncommon,2,Tower Geist,['Flying'],['U'],2,{3}{U}
Creature — Elemental Wizard,"Flying
Haste (This creature can attack and {T} as soon as it comes under your control.)",9145,"['R', 'U']",2.0,uncommon,2,Lightning Stormkin,"['Flying', 'Haste']","['R', 'U']",2,{U}{R}
Creature — Elemental Rhino,"Trample (This creature can deal excess combat damage to the player or planeswalker it's attacking.)
Other Elementals you control have trample.",5583,['G'],4.0,common,3,Thicket Crasher,['Trample'],['G'],4,{3}{G}
Creature — Human Cleric,"Whenever another creature enters the battlefield under your control, you gain 1 life.",4868,['W'],2.0,common,2,Impassioned Orator,[],['W'],2,{1}{W}
Land,"Temple of Epiphany enters the battlefield tapped.
When Temple of Epiphany enters the battlefield, scry 1.
{T}: Add {U} or {R}.",235,[],0.0,rare,,Temple of Epiphany,['Scry'],"['R', 'U']",,
Creature — Zombie,Diregraf Ghoul enters the battlefield tapped.,8001,['B'],1.0,uncommon,2,Diregraf Ghoul,[],['B'],2,{B}
Creature — Human Peasant // Instant — Adventure,,6620,['W'],1.0,rare,2,Giant Killer // Chop Down,[],['W'],1,{W} // {2}{W}
Creature — Goblin Warrior,"Bloodrush — {R}, Discard Skinbrand Goblin: Target attacking creature gets +2/+1 until end of turn.",12664,['R'],2.0,common,1,Skinbrand Goblin,['Bloodrush'],['R'],2,{1}{R}
Creature — Cat,"Mutate {2}{W} (If you cast this spell for its mutate cost, put it over or under target non-Human creature you own. They mutate into the creature on top plus all abilities from under it.)
Whenever this creature mutates, other creatures you control get +X/+X until end of turn, where X is the number of times this creature has mutated.",9252,['W'],4.0,uncommon,4,Huntmaster Liger,['Mutate'],['W'],3,{3}{W}
Creature — Gorgon,"Escape—{5}{B}, Exile three other cards from your graveyard. (You may cast this card from your graveyard for its escape cost.)
Pharika's Spawn escapes with two +1/+1 counters on it. When it enters the battlefield this way, each opponent sacrifices a non-Gorgon creature.",13003,['B'],4.0,uncommon,4,Pharika's Spawn,['Escape'],['B'],3,{3}{B}
Instant,Return target creature or enchantment an opponent controls to its owner's hand.,10823,['U'],1.0,common,,Stern Dismissal,[],['U'],,{U}
Enchantment,"Flash
When Omen of the Sun enters the battlefield, create two 1/1 white Human Soldier creature tokens and you gain 2 life.
{2}{W}, Sacrifice Omen of the Sun: Scry 2.",8315,['W'],3.0,common,,Omen of the Sun,"['Flash', 'Scry']",['W'],,{2}{W}
Creature — Griffin,Flying,13947,['W'],4.0,common,2,Assault Griffin,['Flying'],['W'],3,{3}{W}
Enchantment — Aura,"Enchant creature
Enchanted creature gets -3/-3.",13328,['B'],2.0,common,,Mire's Grasp,['Enchant'],['B'],,{1}{B}
Enchantment Creature — Minotaur,,18235,['B'],4.0,common,3,Nyxborn Marauder,[],['B'],4,{2}{B}{B}
Creature — Vampire,"When Driver of the Dead dies, return target creature card with converted mana cost 2 or less from your graveyard to the battlefield.",9558,['B'],4.0,common,2,Driver of the Dead,[],['B'],3,{3}{B}
Creature — Human Cleric,"When Keensight Mentor enters the battlefield, put a vigilance counter on target non-Human creature you control.
{1}{W}, {T}: Put a +1/+1 counter on each creature you control with vigilance.",14033,['W'],3.0,uncommon,4,Keensight Mentor,[],['W'],1,{2}{W}
Legendary Creature — Human Wizard,"Skip your draw step.
At the beginning of your upkeep, look at the top three cards of your library. Put one of them into your hand and the rest into your graveyard.
{B}, {T}, Exile X cards from your graveyard: Target creature gets -X/-X until end of turn.",3026,"['B', 'U']",5.0,rare,4,"Taigam, Sidisi's Hand",[],"['B', 'U']",3,{3}{U}{B}
Creature — Human Assassin,"Flash
When Lurking Deadeye enters the battlefield, destroy target creature that was dealt damage this turn.",15382,['B'],4.0,common,2,Lurking Deadeye,['Flash'],['B'],4,{3}{B}
Instant,"Target creature gets -4/-0 until end of turn.
Draw a card.",12787,['U'],3.0,common,,Befuddle,[],['U'],,{2}{U}
Artifact Creature — Gnome,"Adamant — When Clockwork Servant enters the battlefield, if at least three mana of the same color was spent to cast it, draw a card.",12119,[],3.0,uncommon,3,Clockwork Servant,['Adamant'],[],2,{3}
Creature — Zombie Satyr,"When Discordant Piper dies, create a 0/1 white Goat creature token.",11934,['B'],2.0,common,1,Discordant Piper,[],['B'],2,{1}{B}
Creature — Human Wizard,"{1}{W}{B}: Target creature gains lifelink until end of turn.
{1}{W}{B}: Whenever you gain life this turn, each opponent loses that much life.",1437,"['B', 'W']",2.0,uncommon,2,Vizkopa Guildmage,[],"['B', 'W']",2,{W}{B}
Enchantment — Aura,"Enchant creature
Heliod's Punishment enters the battlefield with four task counters on it.
Enchanted creature can't attack or block. It loses all abilities and has ""{T}: Remove a task counter from Heliod's Punishment. Then if it has no task counters on it, destroy Heliod's Punishment.""",10129,['W'],2.0,uncommon,,Heliod's Punishment,['Enchant'],['W'],,{1}{W}
Creature — Human Wizard,"When Elite Instructor enters the battlefield, draw a card, then discard a card.",14647,['U'],3.0,common,2,Elite Instructor,[],['U'],2,{2}{U}
Creature — Zombie Soldier,"Deathtouch
Other Zombie creatures you control get +1/+1.
Whenever another Zombie you control dies, target opponent loses 1 life.",1385,"['B', 'U']",3.0,uncommon,2,Diregraf Captain,['Deathtouch'],"['B', 'U']",2,{1}{U}{B}
Land — Mountain,"({T}: Add {R}.)
Dwarven Mine enters the battlefield tapped unless you control three or more other Mountains.
When Dwarven Mine enters the battlefield untapped, create a 1/1 red Dwarf creature token.",3731,[],0.0,common,,Dwarven Mine,[],['R'],,
Instant,Target creature you control gets +2/+1 until end of turn. Each other creature you control gets +1/+1 until end of turn.,10054,['W'],2.0,uncommon,,Phalanx Tactics,[],['W'],,{1}{W}
Creature — Angel,"Flying
When Goldnight Redeemer enters the battlefield, you gain 2 life for each other creature you control.",9298,['W'],6.0,uncommon,4,Goldnight Redeemer,['Flying'],['W'],4,{4}{W}{W}
Instant,"Exile target artifact or enchantment.
Draw a card.",7757,['W'],4.0,common,,True Love's Kiss,[],['W'],,{2}{W}{W}
Sorcery,"Draw three cards.
Adamant — If at least three blue mana was spent to cast this spell, scry 3.",10031,['U'],5.0,common,,Unexplained Vision,"['Adamant', 'Scry']",['U'],,{4}{U}
Enchantment — Aura,"Enchant creature
Enchanted creature gets +1/+1 for each artifact and/or enchantment you control.",1806,['W'],2.0,uncommon,,All That Glitters,['Enchant'],['W'],,{1}{W}
Creature — Zombie Rat,,13269,['B'],2.0,common,2,Gutter Skulk,[],['B'],2,{1}{B}
Instant,Target creature you control gets +0/+3 and gains hexproof until end of turn. (It can't be the target of spells or abilities your opponents control.),5926,['U'],1.0,common,,Dive Down,[],['U'],,{U}
Artifact,"{3}, {T}: Retributive Wand deals 1 damage to any target.
When Retributive Wand is put into a graveyard from the battlefield, it deals 5 damage to any target.",11887,[],3.0,uncommon,,Retributive Wand,[],[],,{3}
Instant,"Destroy target artifact or enchantment.
Cycling {2} ({2}, Discard this card: Draw a card.)",10160,['G'],2.0,common,,Wilt,['Cycling'],['G'],,{1}{G}
Creature — Goblin Warrior,"Whenever Redcap Raiders attacks, you may tap an untapped non-Human creature you control. If you do, Redcap Raiders gets +1/+1 and gains trample until end of turn.",14142,['R'],3.0,common,2,Redcap Raiders,[],['R'],3,{2}{R}
Creature — Human Knight // Sorcery — Adventure,,5074,['B'],2.0,common,1,Smitten Swordmaster // Curry Favor,['Lifelink'],['B'],2,{1}{B} // {B}
Sorcery,"Put a +1/+1 counter on each creature you control.
Adamant — If at least three white mana was spent to cast this spell, creatures you control gain vigilance until end of turn.",10624,['W'],4.0,common,,Silverflame Ritual,['Adamant'],['W'],,{3}{W}
Enchantment — Saga,"(As this Saga enters and after your draw step, add a lore counter. Sacrifice after IV.)
I — Scry 2.
II — Choose a card name.
III — When you cast a spell with the chosen card name for the first time this turn, draw two cards.
IV — Look at the top card of each player's library.",8006,['U'],2.0,uncommon,,Medomai's Prophecy,['Scry'],['U'],,{1}{U}
Creature — Elemental,Ivy Elemental enters the battlefield with X +1/+1 counters on it.,8034,['G'],1.0,uncommon,0,Ivy Elemental,[],['G'],0,{X}{G}
Enchantment — Aura,"Enchant creature
When Angelic Gift enters the battlefield, draw a card.
Enchanted creature has flying.",5260,['W'],2.0,common,,Angelic Gift,['Enchant'],['W'],,{1}{W}
Instant,"Look at the top four cards of your library. Put one of them into your hand and the rest into your graveyard.
Flashback {6}{B} (You may cast this card from your graveyard for its flashback cost. Then exile it.)",2153,['U'],3.0,common,,Forbidden Alchemy,['Flashback'],"['B', 'U']",,{2}{U}
Creature — Zombie,"Other Zombies you control get +1/+1.
{1}{B}, {T}: All Zombies gain menace until end of turn.",1373,['B'],3.0,uncommon,3,Lord of the Accursed,[],['B'],2,{2}{B}
Creature — Angel,"Flying
Landfall — Whenever a land enters the battlefield under your control, you may create a 1/1 white Bird creature token with flying.",2104,['W'],4.0,rare,3,Emeria Angel,"['Landfall', 'Flying']",['W'],3,{2}{W}{W}
Enchantment,Tap an untapped Gate you control: Crackling Perimeter deals 1 damage to each opponent.,9101,['R'],2.0,uncommon,,Crackling Perimeter,[],['R'],,{1}{R}
Creature — Zombie,"When Gray Merchant of Asphodel enters the battlefield, each opponent loses X life, where X is your devotion to black. You gain life equal to the life lost this way. (Each {B} in the mana costs of permanents you control counts toward your devotion to black.)",170,['B'],5.0,uncommon,4,Gray Merchant of Asphodel,[],['B'],2,{3}{B}{B}
Creature — Gorgon Cleric,"Deathtouch
When Venomous Hierophant enters the battlefield, put the top three cards of your library into your graveyard.",12889,['B'],4.0,common,3,Venomous Hierophant,['Deathtouch'],['B'],3,{3}{B}
Sorcery,"As an additional cost to cast this spell, reveal a creature card from your hand.
Charge of the Forever-Beast deals damage to target creature or planeswalker equal to the revealed card's power.",17169,['G'],3.0,uncommon,,Charge of the Forever-Beast,[],['G'],,{2}{G}
Artifact Creature — Golem,"Adamant — If at least three mana of the same color was spent to cast this spell, Henge Walker enters the battlefield with a +1/+1 counter on it.",15280,[],3.0,common,2,Henge Walker,['Adamant'],[],2,{3}
Creature — Zombie Horror,"As an additional cost to cast this spell, exile a creature card from your graveyard.",17203,['U'],4.0,common,5,Makeshift Mauler,[],['U'],4,{3}{U}
Creature — Human Knight,First strike,11023,['W'],2.0,common,1,Youthful Knight,['First strike'],['W'],2,{1}{W}
Instant,Target player gains 2 life for each creature on the battlefield.,4883,['W'],4.0,uncommon,,Congregate,[],['W'],,{3}{W}
Enchantment — Saga,"(As this Saga enters and after your draw step, add a lore counter. Sacrifice after III.)
I — Destroy target creature an opponent controls with power 2 or less.
II — Target opponent reveals their hand. You choose a noncreature, nonland card from it. That player discards that card.
III — Exile target opponent's graveyard.",9221,['B'],3.0,uncommon,,Elspeth's Nightmare,[],['B'],,{2}{B}
Enchantment Creature — Sphinx,"Flying
{3}{U}: Scry 1.",14632,['U'],5.0,common,4,Witness of Tomorrows,"['Scry', 'Flying']",['U'],3,{4}{U}
Artifact,"When Glass Casket enters the battlefield, exile target creature an opponent controls with converted mana cost 3 or less until Glass Casket leaves the battlefield.",11295,['W'],2.0,uncommon,,Glass Casket,[],['W'],,{1}{W}
Enchantment,"Creatures you control get +0/+1.
When Fortifying Provisions enters the battlefield, create a Food token. (It's an artifact with ""{2}, {T}, Sacrifice this artifact: You gain 3 life."")",12094,['W'],3.0,common,,Fortifying Provisions,[],['W'],,{2}{W}
Creature — Zombie Drake,"As an additional cost to cast this spell, exile a creature card from your graveyard.
Flying",14149,['U'],3.0,common,4,Stitched Drake,['Flying'],['U'],3,{1}{U}{U}
Sorcery,Return up to three target creatures and/or enchantments to their owners' hands.,14909,['U'],6.0,uncommon,,Sea God's Scorn,[],['U'],,{4}{U}{U}
Creature — Angel,"Flying
Lifelink (Damage dealt by this creature also causes you to gain that much life.)",10206,['W'],4.0,common,4,Seraph of Dawn,"['Flying', 'Lifelink']",['W'],2,{2}{W}{W}
Instant,Target opponent sacrifices a creature. You gain life equal to that creature's toughness.,7071,['B'],3.0,uncommon,,Tribute to Hunger,[],['B'],,{2}{B}
Enchantment — Aura,"Enchant creature
Enchanted creature loses all abilities and is a blue Fish with base power and toughness 0/1.",8294,['U'],3.0,common,,Ichthyomorphosis,['Enchant'],['U'],,{2}{U}
Sorcery,"Target player loses 2 life.
Escape—{3}{B}, Exile three other cards from your graveyard. (You may cast this card from your graveyard for its escape cost.)",17608,['B'],1.0,common,,Fruit of Tizerus,['Escape'],['B'],,{B}
Artifact Creature — Knight,"Vigilance (Attacking doesn't cause this creature to tap.)
As Diamond Knight enters the battlefield, choose a color.
Whenever you cast a spell of the chosen color, put a +1/+1 counter on Diamond Knight.",9353,[],3.0,uncommon,1,Diamond Knight,['Vigilance'],[],1,{3}
Creature — Specter // Sorcery — Adventure,,12101,['B'],7.0,common,5,Reaper of Night // Harvest Fear,[],['B'],4,{5}{B}{B} // {3}{B}
Artifact — Vehicle,"When Enchanted Carriage enters the battlefield, create two 1/1 white Mouse creature tokens.
Crew 2 (Tap any number of creatures you control with total power 2 or more: This Vehicle becomes an artifact creature until end of turn.)",9432,[],5.0,uncommon,4,Enchanted Carriage,['Crew'],[],4,{5}
Instant,"For each spell and ability your opponents control, counter it unless its controller pays {4}.",4788,['U'],3.0,uncommon,,Whirlwind Denial,[],['U'],,{2}{U}
Creature — Merfolk Rogue,"When Moonlit Scavengers enters the battlefield, if you control an artifact or enchantment, return target creature an opponent controls to its owner's hand.",16568,['U'],6.0,common,5,Moonlit Scavengers,[],['U'],4,{5}{U}
Land,"Blossoming Sands enters the battlefield tapped.
When Blossoming Sands enters the battlefield, you gain 1 life.
{T}: Add {G} or {W}.",401,[],0.0,common,,Blossoming Sands,[],"['G', 'W']",,
Enchantment — Aura,"Enchant creature without flying
Enchanted creature can't attack or block, and its activated abilities can't be activated.",9530,['W'],2.0,common,,Trapped in the Tower,['Enchant'],['W'],,{1}{W}
Legendary Enchantment Creature — Demigod,"Daxos's toughness is equal to your devotion to white. (Each {W} in the mana costs of permanents you control counts toward your devotion to white.)
Whenever another creature you control enters the battlefield or dies, you gain 1 life.",3196,['W'],2.0,uncommon,*,"Daxos, Blessed by the Sun",[],['W'],2,{W}{W}
Creature — Angel,"Flying, vigilance",5977,['W'],1.0,common,1,Segovian Angel,"['Flying', 'Vigilance']",['W'],1,{W}
Creature — Angel,"Flying
At the beginning of each combat, choose first strike, vigilance, or lifelink. Creatures you control gain that ability until end of turn.",2138,['W'],6.0,rare,4,Angelic Skirmisher,"['Flying', 'Vigilance']",['W'],4,{4}{W}{W}
Artifact Creature — Golem,{2}: Add one mana of any color.,8168,[],2.0,common,1,Prismite,[],[],2,{2}
Instant,"Creatures your opponents control get -2/-0 until end of turn.
Cycling {2} ({2}, Discard this card: Draw a card.)",16813,['U'],2.0,common,,Hampering Snare,['Cycling'],['U'],,{1}{U}
Creature — Angel,"Flying
If you would gain life, you gain that much life plus 1 instead.
Angel of Vitality gets +2/+2 as long as you have 25 or more life.",3651,['W'],3.0,uncommon,2,Angel of Vitality,['Flying'],['W'],2,{2}{W}
Creature — Human Cleric,"When Fiend Hunter enters the battlefield, you may exile another target creature.
When Fiend Hunter leaves the battlefield, return the exiled card to the battlefield under its owner's control.",1060,['W'],3.0,uncommon,3,Fiend Hunter,[],['W'],1,{1}{W}{W}
Instant,"Tap up to two target creatures. Those creatures don't untap during their controller's next untap step.
Cycling {1} ({1}, Discard this card: Draw a card.)",14298,['U'],5.0,common,,Frostveil Ambush,['Cycling'],['U'],,{3}{U}{U}
Enchantment — Saga,"(As this Saga enters and after your draw step, add a lore counter. Sacrifice after III.)
I — Search your library for a basic Plains card, reveal it, put it into your hand, then shuffle your library.
II — Create a 0/4 colorless Wall artifact creature token with defender.
III — You gain 2 life.",6392,['W'],2.0,uncommon,,The Birth of Meletis,[],['W'],,{1}{W}
Creature — Zombie Wizard,"When Eternal Skylord enters the battlefield, amass 2. (Put two +1/+1 counters on an Army you control. If you don't control one, create a 0/0 black Zombie Army creature token first.)
Zombie tokens you control have flying.",4297,['U'],5.0,uncommon,3,Eternal Skylord,['Amass'],['U'],3,{4}{U}
Enchantment Creature — Demon,"Flying
Enemy of Enlightenment gets -1/-1 for each card in your opponents' hands.
At the beginning of your upkeep, each player discards a card.",15843,['B'],6.0,uncommon,5,Enemy of Enlightenment,['Flying'],['B'],5,{5}{B}
Instant,"Choose one or both —
• Counter target creature spell.
• Return target creature card from your graveyard to your hand.",3344,"['B', 'U']",3.0,uncommon,,Soul Manipulation,[],"['B', 'U']",,{1}{U}{B}
Creature — Human Rogue,"{3}{U}, {T}: Exile another target creature you control, then return that card to the battlefield under your control.",5569,['U'],1.0,uncommon,1,Nephalia Smuggler,[],['U'],1,{U}
Creature — Human Cleric,Lifelink (Damage dealt by this creature also causes you to gain that much life.),13017,['W'],2.0,common,3,Daybreak Chaplain,['Lifelink'],['W'],1,{1}{W}
Instant,Target creature gets +3/+2 until end of turn.,5852,['R'],1.0,common,,Infuriate,[],['R'],,{R}
Creature — Elemental Cat,"When Frost Lynx enters the battlefield, tap target creature an opponent controls. That creature doesn't untap during its controller's next untap step.",8609,['U'],3.0,common,2,Frost Lynx,[],['U'],2,{2}{U}
Creature — Skeleton,{2}{B}: Return Sanitarium Skeleton from your graveyard to your hand.,5095,['B'],1.0,common,2,Sanitarium Skeleton,[],['B'],1,{B}
Instant,"Destroy target non-Vampire, non-Werewolf, non-Zombie creature.",2693,['B'],2.0,common,,Victim of Night,[],['B'],,{B}{B}
Sorcery,Target creature you control deals damage equal to its power to target creature you don't control.,4276,['G'],2.0,common,,Rabid Bite,[],['G'],,{1}{G}
Artifact,"{2}, {T}, Sacrifice Vial of Dragonfire: It deals 2 damage to target creature.",14276,[],2.0,common,,Vial of Dragonfire,[],[],,{2}
Creature — Zombie,"Gravecrawler can't block.
You may cast Gravecrawler from your graveyard as long as you control a Zombie.",1184,['B'],1.0,rare,1,Gravecrawler,[],['B'],2,{B}
Enchantment — Aura,"Enchant creature or enchantment
Enchanted permanent is an enchantment and loses all other card types. (It still has its abilities, but it's no longer a creature.)",10753,['U'],4.0,uncommon,,One with the Stars,['Enchant'],['U'],,{3}{U}
Enchantment — Aura,"Enchant land
Enchanted land has ""{T}, Pay 1 life: Draw a card.""",732,['B'],3.0,rare,,Underworld Connections,['Enchant'],['B'],,{1}{B}{B}
Artifact — Equipment,"When Ancestral Blade enters the battlefield, create a 1/1 white Soldier creature token, then attach Ancestral Blade to it.
Equipped creature gets +1/+1.
Equip {1} ({1}: Attach to target creature you control. Equip only as a sorcery.)",7884,['W'],2.0,uncommon,,Ancestral Blade,['Equip'],['W'],,{1}{W}
Sorcery,"Draw a card.
Cipher (Then you may exile this spell card encoded on a creature you control. Whenever that creature deals combat damage to a player, its controller may cast a copy of the encoded card without paying its mana cost.)",8621,['U'],4.0,common,,Last Thoughts,['Cipher'],['U'],,{3}{U}
Instant,Counter target noncreature spell.,56,['U'],2.0,common,,Negate,[],['U'],,{1}{U}
Creature — Egg,"Whenever this creature mutates, put a +1/+1 counter on it.",9408,[],1.0,common,2,Mysterious Egg,[],[],0,{1}
Sorcery,"Exile target creature and all other creatures with the same name as that creature.
Flashback {5}{B}{B} (You may cast this card from your graveyard for its flashback cost. Then exile it.)",5633,['B'],4.0,rare,,Sever the Bloodline,['Flashback'],['B'],,{3}{B}
Sorcery,"Draw three cards, untap up to two lands, then discard a card.",6259,['U'],5.0,uncommon,,Pore Over the Pages,[],['U'],,{3}{U}{U}
Creature — Spirit,"Flying
As long as Dearly Departed is in your graveyard, each Human creature you control enters the battlefield with an additional +1/+1 counter on it.",9673,['W'],6.0,rare,5,Dearly Departed,['Flying'],['W'],5,{4}{W}{W}
Instant,"Fire Prophecy deals 3 damage to target creature. You may put a card from your hand on the bottom of your library. If you do, draw a card.",12942,['R'],2.0,common,,Fire Prophecy,[],['R'],,{1}{R}
Artifact — Equipment,"Equipped creature gets +2/+0.
Equip {3} ({3}: Attach to target creature you control. Equip only as a sorcery.)",12675,[],1.0,common,,Bronze Sword,['Equip'],[],,{1}
Enchantment,"If an opponent would gain life, that player loses that much life instead.",2777,['B'],3.0,rare,,Tainted Remedy,[],['B'],,{2}{B}
Enchantment,"Flash
When Omen of the Dead enters the battlefield, return target creature card from your graveyard to your hand.
{2}{B}, Sacrifice Omen of the Dead: Scry 2.",6693,['B'],1.0,common,,Omen of the Dead,"['Flash', 'Scry']",['B'],,{B}
Enchantment — Aura,"Enchant creature
You control enchanted creature.
Enchanted creature has infect. (It deals damage to creatures in the form of -1/-1 counters and to players in the form of poison counters.)",1714,['U'],5.0,uncommon,,Corrupted Conscience,['Enchant'],['U'],,{3}{U}{U}
Creature — Human Cleric,"When Cathedral Sanctifier enters the battlefield, you gain 3 life.",11581,['W'],1.0,common,1,Cathedral Sanctifier,[],['W'],1,{W}
Enchantment Creature — Nymph,"Lifelink
{1}, Sacrifice Alseid of Life's Bounty: Target creature or enchantment you control gains protection from the color of your choice until end of turn.",5779,['W'],1.0,uncommon,1,Alseid of Life's Bounty,['Lifelink'],['W'],1,{W}
Sorcery,Put target artifact or creature card from a graveyard onto the battlefield under your control. Shuffle Beacon of Unrest into its owner's library.,1036,['B'],5.0,rare,,Beacon of Unrest,[],['B'],,{3}{B}{B}
Creature — Human Peasant // Instant — Adventure,,6170,['R'],3.0,common,3,Merchant of the Vale // Haggle,[],['R'],2,{2}{R} // {R}
Enchantment,"Whenever you draw your second card each turn, create a 1/1 blue Faerie creature token with flying.
{4}{U}{R}: Draw a card, then discard a card.",6028,"['R', 'U']",2.0,uncommon,,Improbable Alliance,[],"['R', 'U']",,{U}{R}
Instant,Put target nonland permanent on top of its owner's library.,9361,['U'],5.0,common,,Totally Lost,[],['U'],,{4}{U}
Artifact — Equipment,"Equipped creature gets +1/+0 and can't be blocked by creatures with flying.
Equip {3} ({3}: Attach to target creature you control. Equip only as a sorcery.)",8982,[],1.0,common,,Skyblinder Staff,['Equip'],[],,{1}
Enchantment,"At the beginning of your upkeep, draw a card if you control a creature with the greatest power among creatures on the battlefield. Otherwise, put a +1/+1 counter on a creature you control.",7450,"['G', 'U']",3.0,uncommon,,Primal Empathy,[],"['G', 'U']",,{1}{G}{U}
Instant,"Draw a card.
Escape—{2}{U}, Exile five other cards from your graveyard. (You may cast this card from your graveyard for its escape cost.)",11009,['U'],2.0,uncommon,,Glimpse of Freedom,['Escape'],['U'],,{1}{U}
Sorcery,Each player sacrifices two creatures.,3727,['B'],4.0,uncommon,,Barter in Blood,[],['B'],,{2}{B}{B}
Sorcery,Add seven {R}. You can cast only one more spell this turn.,6029,['R'],4.0,rare,,Irencrag Feat,[],['R'],,{1}{R}{R}{R}
Artifact Creature — Wall,"Defender, reach
{T}: Brimstone Trebuchet deals 1 damage to each opponent.
Whenever a Knight enters the battlefield under your control, untap Brimstone Trebuchet.",7436,['R'],3.0,common,3,Brimstone Trebuchet,"['Reach', 'Defender']",['R'],1,{2}{R}
Sorcery,Target opponent reveals their hand. You choose a nonland card from it or a card from their graveyard. Exile that card. You lose 1 life.,12394,['B'],2.0,uncommon,,Agonizing Remorse,[],['B'],,{1}{B}
Creature — Human Rogue,"{T}: Draw a card, then exile a card from your hand face down.
You may look at cards exiled with Bane Alley Broker.
{U}{B}, {T}: Return a card exiled with Bane Alley Broker to its owner's hand.",12497,"['B', 'U']",3.0,uncommon,3,Bane Alley Broker,[],"['B', 'U']",0,{1}{U}{B}
Artifact Creature — Bird,"Flying
First strike (This creature deals combat damage before creatures without first strike.)",14008,[],4.0,common,1,Anvilwrought Raptor,"['Flying', 'First strike']",[],2,{4}
Creature — Human Wizard,"When Boneclad Necromancer enters the battlefield, you may exile target creature card from a graveyard. If you do, create a 2/2 black Zombie creature token.",12715,['B'],5.0,common,3,Boneclad Necromancer,[],['B'],3,{3}{B}{B}
Instant,Return target nonland permanent to its owner's hand. Then that player discards a card if you control a Zombie.,7210,['U'],2.0,uncommon,,Compelling Deterrence,[],['U'],,{1}{U}
Legendary Creature — Giant Noble,"Yorvo, Lord of Garenbrig enters the battlefield with four +1/+1 counters on it.
Whenever another green creature enters the battlefield under your control, put a +1/+1 counter on Yorvo. Then if that creature's power is greater than Yorvo's power, put another +1/+1 counter on Yorvo.",5490,['G'],3.0,rare,0,"Yorvo, Lord of Garenbrig",[],['G'],0,{G}{G}{G}
Creature — Angel,"Flying
When Voice of the Provinces enters the battlefield, create a 1/1 white Human creature token.",15471,['W'],6.0,common,3,Voice of the Provinces,['Flying'],['W'],3,{4}{W}{W}
Creature — Zombie Wizard,"When Gleaming Overseer enters the battlefield, amass 1. (Put a +1/+1 counter on an Army you control. If you don't control one, create a 0/0 black Zombie Army creature token first.)
Zombie tokens you control have hexproof and menace.",3500,"['B', 'U']",3.0,uncommon,4,Gleaming Overseer,['Amass'],"['B', 'U']",1,{1}{U}{B}
Creature — Human Knight // Instant — Adventure,,8451,['W'],3.0,common,3,Ardenvale Tactician // Dizzying Swoop,['Flying'],['W'],2,{1}{W}{W} // {1}{W}
Creature — Human Soldier,"Whenever you cast a creature spell that has an Adventure, Garenbrig Squire gets +1/+1 until end of turn. (It doesn't need to have gone on the adventure first.)",18059,['G'],2.0,common,2,Garenbrig Squire,[],['G'],2,{1}{G}
Creature — Bird Horror,"Flying
Whenever Thrummingbird deals combat damage to a player, proliferate. (Choose any number of permanents and/or players, then give each another counter of each kind already there.)",1170,['U'],2.0,uncommon,1,Thrummingbird,"['Flying', 'Proliferate']",['U'],1,{1}{U}
Land,"Field of the Dead enters the battlefield tapped.
{T}: Add {C}.
Whenever Field of the Dead or another land enters the battlefield under your control, if you control seven or more lands with different names, create a 2/2 black Zombie creature token.",516,[],0.0,rare,,Field of the Dead,[],[],,
Artifact Creature — Bird,"Flying
When Thaumaturge's Familiar enters the battlefield, scry 1.",14684,[],3.0,common,3,Thaumaturge's Familiar,"['Scry', 'Flying']",[],1,{3}
Creature — Human Soldier,"When Battalion Foot Soldier enters the battlefield, you may search your library for any number of cards named Battalion Foot Soldier, reveal them, put them into your hand, then shuffle your library.",19403,['W'],3.0,common,2,Battalion Foot Soldier,[],['W'],2,{2}{W}
Enchantment,"If a cycling ability of another nonland card would cause you to draw a card, instead exile cards from the top of your library until you exile a card that shares a card type with the cycled card. You may cast that card without paying its mana cost. Then put the exiled cards that weren't cast this way on the bottom of your library in a random order.
Cycling {2} ({2}, Discard this card: Draw a card.)",8373,['R'],5.0,rare,,Unpredictable Cyclone,['Cycling'],['R'],,{3}{R}{R}
Legendary Creature — Spirit Cleric,"Hexproof (This creature can't be the target of spells or abilities your opponents control.)
Whenever Geist of Saint Traft attacks, create a 4/4 white Angel creature token with flying that's tapped and attacking. Exile that token at end of combat.",5161,"['U', 'W']",3.0,mythic,2,Geist of Saint Traft,['Hexproof'],"['U', 'W']",2,{1}{W}{U}
Instant,Destroy target Human creature.,15429,['B'],1.0,uncommon,,Human Frailty,[],['B'],,{B}
Creature — Beast,"When Blight-Breath Catoblepas enters the battlefield, target creature an opponent controls gets -X/-X until end of turn, where X is your devotion to black. (Each {B} in the mana costs of permanents you control counts toward your devotion to black.)",15569,['B'],6.0,common,2,Blight-Breath Catoblepas,[],['B'],3,{4}{B}{B}
Creature — Human Knight // Sorcery — Adventure,,5286,['R'],2.0,uncommon,1,Embereth Shieldbreaker // Battle Display,[],['R'],2,{1}{R} // {R}
Creature — Spirit,Flying,16639,['W'],3.0,common,3,Chapel Geist,['Flying'],['W'],2,{1}{W}{W}
Creature — Human Wizard,"{2}{U}, {T}, Exile a creature card from your graveyard: Create a 2/2 black Zombie creature token, then put a +1/+1 counter on each Zombie creature you control.",7631,['U'],4.0,rare,2,Havengul Runebinder,[],['U'],2,{2}{U}{U}
Instant,"You may sacrifice a Food. If you do, target creature gets +5/+5 until end of turn. Otherwise, that creature gets +3/+3 until end of turn.",14889,['G'],2.0,common,,Insatiable Appetite,[],['G'],,{1}{G}
Enchantment — Aura,"Flash
Enchant creature you control
When Starlit Mantle enters the battlefield, enchanted creature gains hexproof until end of turn. (It can't be the target of spells or abilities your opponents control.)
Enchanted creature gets +1/+1.",10114,['U'],2.0,common,,Starlit Mantle,"['Enchant', 'Flash']",['U'],,{1}{U}
Creature — Zombie,"Noosegraf Mob enters the battlefield with five +1/+1 counters on it.
Whenever a player casts a spell, remove a +1/+1 counter from Noosegraf Mob. If you do, create a 2/2 black Zombie creature token.",1827,['B'],6.0,rare,0,Noosegraf Mob,[],['B'],0,{4}{B}{B}
Creature — Beast,"Mutate {2}{G} (If you cast this spell for its mutate cost, put it over or under target non-Human creature you own. They mutate into the creature on top plus all abilities from under it.)
Whenever this creature mutates, search your library for a basic land card, put it onto the battlefield tapped, then shuffle your library.",4958,['G'],4.0,common,4,Migratory Greathorn,['Mutate'],['G'],3,{3}{G}
Creature — Turtle,"Whenever Mistford River Turtle attacks, another target attacking non-Human creature can't be blocked this turn.",14138,['U'],4.0,common,5,Mistford River Turtle,[],['U'],1,{3}{U}
Sorcery,"As an additional cost to cast this spell, sacrifice a creature.
Destroy target creature.",3351,['B'],1.0,common,,Bone Splinters,[],['B'],,{B}
Sorcery,Destroy all nonland permanents.,1874,['W'],6.0,rare,,Planar Cleansing,[],['W'],,{3}{W}{W}{W}
Creature — Human Scout,"Flash (You may cast this spell any time you could cast an instant.)
When Village Bell-Ringer enters the battlefield, untap all creatures you control.",3540,['W'],3.0,common,4,Village Bell-Ringer,['Flash'],['W'],1,{2}{W}
Artifact,"{T}: Add one mana of any color.
{5}, {T}: Tap target creature.",5891,[],3.0,uncommon,,Spinning Wheel,[],[],,{3}
Creature — Human Soldier,Double strike (This creature deals both first-strike and regular combat damage.),7127,['W'],2.0,common,1,Fencing Ace,['Double strike'],['W'],1,{1}{W}
Creature — Merfolk Wizard,"When Watertrap Weaver enters the battlefield, tap target creature an opponent controls. That creature doesn't untap during its controller's next untap step.",8223,['U'],3.0,common,2,Watertrap Weaver,[],['U'],2,{2}{U}
Sorcery,Gain control of target creature until end of turn. Untap that creature. It gains haste until end of turn. (It can attack and {T} this turn.),2840,['R'],3.0,common,,Act of Treason,[],['R'],,{2}{R}
Enchantment — Aura,"Enchant creature
Enchanted creature has ""At the beginning of your upkeep, sacrifice a creature.""",11566,['B'],3.0,uncommon,,Inevitable End,['Enchant'],['B'],,{2}{B}
Artifact,"Wishclaw Talisman enters the battlefield with three wish counters on it.
{1}, {T}, Remove a wish counter from Wishclaw Talisman: Search your library for a card, put it into your hand, then shuffle your library. An opponent gains control of Wishclaw Talisman. Activate this ability only during your turn.",2088,['B'],2.0,rare,,Wishclaw Talisman,[],['B'],,{1}{B}
Creature — Giant,This spell costs {1} less to cast for each enchantment you control.,15080,['U'],7.0,common,6,Brine Giant,[],['U'],5,{6}{U}
Instant,"Exile target card from a graveyard. If it was a creature card, you gain 3 life. Otherwise, you draw a card.
Escape—{3}{B}, Exile five other cards from your graveyard. (You may cast this card from your graveyard for its escape cost.)",10003,['B'],1.0,uncommon,,Cling to Dust,['Escape'],['B'],,{B}
Instant,"Choose one —
• Destroy target artifact.
• Destroy target enchantment.
• Exile target card from a graveyard.",785,['G'],2.0,common,,Return to Nature,[],['G'],,{1}{G}
Instant,Outflank deals damage to target attacking or blocking creature equal to the number of creatures you control.,12299,['W'],1.0,common,,Outflank,[],['W'],,{W}
Sorcery,"This spell costs {3} less to cast if you control a creature with menace.
Gain control of target creature until end of turn. Untap that creature. It gains haste until end of turn.",17409,['R'],4.0,common,,Tentative Connection,[],['R'],,{3}{R}
Artifact — Equipment,"Equipped creature gets +1/+2.
Whenever you draw your second card each turn, attach Mantle of Tides to target creature you control.
Equip {3} ({3}: Attach to target creature you control. Equip only as a sorcery.)",13557,['U'],1.0,common,,Mantle of Tides,['Equip'],['U'],,{U}
Enchantment — Aura,"Enchant creature
Enchanted creature gets +2/+2 and can't block.",12482,['R'],2.0,common,,Maniacal Rage,['Enchant'],['R'],,{1}{R}
Enchantment,"Whenever you gain life, you may pay {2}. If you do, draw a card.
{3}{W}: Create a 1/1 white Soldier creature token with lifelink.",942,['W'],2.0,rare,,Dawn of Hope,[],['W'],,{1}{W}
Artifact,"Your devotion to each color and each combination of colors is increased by one.
{T}: Add one mana of any color. If you control a God, a Demigod, or a legendary enchantment, you gain 1 life.",3933,[],3.0,common,,Altar of the Pantheon,[],[],,{3}
Artifact Creature — Food Golem,"Haste
{1}: Gingerbrute can't be blocked this turn except by creatures with haste.
{2}, {T}, Sacrifice Gingerbrute: You gain 3 life.",4857,[],1.0,common,1,Gingerbrute,['Haste'],[],1,{1}
Creature — Archon,"Flying
Protection from white (This creature can't be blocked, targeted, dealt damage, enchanted, or equipped by anything white.)
Creatures can't attack you or a planeswalker you control unless their controller pays {1} for each of those creatures.",5065,['W'],4.0,uncommon,2,Archon of Absolution,"['Flying', 'Protection']",['W'],3,{3}{W}
Artifact Creature — Wall,"Defender
{T}: Creatures you control gain haste until end of turn.",2322,[],2.0,common,4,Crashing Drawbridge,['Defender'],[],0,{2}
Instant,Destroy target attacking creature.,11515,['W'],3.0,common,,Rebuke,[],['W'],,{2}{W}
Sorcery,Choose target creature you control and target creature you don't control. The creature you control gets +2/+1 until end of turn if it's a Knight. Then those creatures fight each other. (Each deals damage equal to its power to the other.),11482,['R'],2.0,uncommon,,Joust,['Fight'],['R'],,{1}{R}
Creature — Horror,"When Yarok's Fenlurker enters the battlefield, each opponent exiles a card from their hand.
{2}{B}: Yarok's Fenlurker gets +1/+1 until end of turn.",6488,['B'],2.0,uncommon,1,Yarok's Fenlurker,[],['B'],1,{B}{B}
Creature — Faerie,"Flying
Each creature you control that has an Adventure enters the battlefield with an additional +1/+1 counter on it. (It doesn't need to have gone on the adventure first.)",15766,['W'],3.0,uncommon,2,Mysterious Pathlighter,['Flying'],['W'],2,{2}{W}
Land — Plains,"({T}: Add {W}.)
Idyllic Grange enters the battlefield tapped unless you control three or more other Plains.
When Idyllic Grange enters the battlefield untapped, put a +1/+1 counter on target creature you control.",4758,[],0.0,common,,Idyllic Grange,[],['W'],,
Creature — Human Soldier,"Whenever you cycle a card, tap target creature an opponent controls.",14932,['W'],3.0,common,3,Snare Tactician,[],['W'],2,{2}{W}
Creature — Bird,"Flying
When Mist Raven enters the battlefield, return target creature to its owner's hand.",8920,['U'],4.0,common,2,Mist Raven,['Flying'],['U'],2,{2}{U}{U}
Creature — Shapeshifter,"You may have Evil Twin enter the battlefield as a copy of any creature on the battlefield, except it has ""{U}{B}, {T}: Destroy target creature with the same name as this creature.""",1799,"['B', 'U']",4.0,rare,0,Evil Twin,[],"['B', 'U']",0,{2}{U}{B}
Enchantment — Aura,"Enchant creature
Enchanted creature gets +2/+2 and has first strike and ""Whenever this creature deals combat damage to a player, create a 1/1 white Human Soldier creature token.""",9444,['W'],4.0,uncommon,,Commanding Presence,['Enchant'],['W'],,{3}{W}
Creature — Human Soldier // Instant — Adventure,,12526,['W'],2.0,common,1,Silverflame Squire // On Alert,[],['W'],2,{1}{W} // {2}{W}
Sorcery,Create two 2/2 white Knight creature tokens with vigilance.,12867,['W'],5.0,common,,Knight Watch,[],['W'],,{4}{W}
Creature — Human Scout,"Soulbond (You may pair this creature with another unpaired creature when either enters the battlefield. They remain paired for as long as you control both of them.)
As long as Tandem Lookout is paired with another creature, each of those creatures has ""Whenever this creature deals damage to an opponent, draw a card.""",2733,['U'],3.0,common,1,Tandem Lookout,['Soulbond'],['U'],2,{2}{U}
Instant,Target blocking creature gets +7/+7 until end of turn.,9067,['W'],1.0,uncommon,,Righteousness,[],['W'],,{W}
Creature — Dwarf,"Seven Dwarves gets +1/+1 for each other creature named Seven Dwarves you control.
A deck can have up to seven cards named Seven Dwarves.",8577,['R'],2.0,common,2,Seven Dwarves,[],['R'],2,{1}{R}
Instant,Creatures you control get +2/+1 until end of turn.,8792,['W'],4.0,common,,Inspired Charge,[],['W'],,{2}{W}{W}
Artifact Creature — Wall,"Defender
{7}: Roving Keep gets +2/+0 and gains trample until end of turn. It can attack this turn as though it didn't have defender.",15136,[],7.0,common,7,Roving Keep,['Defender'],[],5,{7}
Creature — Human Cleric,"{1}, Reveal X white cards from your hand, Sacrifice Martyr of Sands: You gain three times X life.",9226,['W'],1.0,common,1,Martyr of Sands,[],['W'],1,{W}
Instant,Destroy target nonblack creature.,656,['B'],2.0,uncommon,,Doom Blade,[],['B'],,{1}{B}
Instant,"Create two 1/1 white Human creature tokens.
Adamant — If at least three white mana was spent to cast this spell, you gain 1 life for each creature you control.",11037,['W'],3.0,uncommon,,Rally for the Throne,['Adamant'],['W'],,{2}{W}
Land,"{T}, Sacrifice Evolving Wilds: Search your library for a basic land card, put it onto the battlefield tapped, then shuffle your library.",8,[],0.0,common,,Evolving Wilds,[],[],,
Enchantment Creature — Sheep,"At the beginning of your upkeep, you gain 1 life.",2609,['W'],2.0,uncommon,5,Nyx-Fleece Ram,[],['W'],0,{1}{W}
Creature — Skeleton,"When Mortus Strider dies, return it to its owner's hand.",12014,"['B', 'U']",3.0,common,1,Mortus Strider,[],"['B', 'U']",1,{1}{U}{B}
Instant,Exile target creature with power 4 or greater.,17727,['W'],4.0,common,,Blade Banish,[],['W'],,{3}{W}
Creature — Siren Pirate,"Flying
When Siren Lookout enters the battlefield, it explores. (Reveal the top card of your library. Put that card into your hand if it's a land. Otherwise, put a +1/+1 counter on this creature, then put the card back or put it into your graveyard.)",8614,['U'],3.0,common,2,Siren Lookout,"['Flying', 'Explore']",['U'],1,{2}{U}
Creature — Angel,"Flying
Whenever another non-Spirit creature you control dies, create a 1/1 white Spirit creature token with flying.",1797,['W'],6.0,rare,5,Requiem Angel,['Flying'],['W'],5,{5}{W}
Artifact,"As Heraldic Banner enters the battlefield, choose a color.
Creatures you control of the chosen color get +1/+0.
{T}: Add one mana of the chosen color.",1375,[],3.0,uncommon,,Heraldic Banner,[],[],,{3}
Creature — Griffin,"Flying
Vigilance (Attacking doesn't cause this creature to tap.)",12616,['W'],3.0,common,3,Griffin Sentinel,"['Flying', 'Vigilance']",['W'],1,{2}{W}
Enchantment Creature — Nymph,"As long as it's not your turn, spells you cast cost {1} less to cast.",7440,['U'],3.0,common,3,Naiad of Hidden Coves,[],['U'],2,{2}{U}
Creature — Human Knight,"Flying
When Gryff Vanguard enters the battlefield, draw a card.",14882,['U'],5.0,common,2,Gryff Vanguard,['Flying'],['U'],3,{4}{U}
Sorcery,Target opponent reveals their hand. You choose a card from it with converted mana cost 4 or greater and exile that card.,10895,['B'],1.0,uncommon,,Appetite for Brains,[],['B'],,{B}
Creature — Cat,"When Cauldron Familiar enters the battlefield, each opponent loses 1 life and you gain 1 life.
Sacrifice a Food: Return Cauldron Familiar from your graveyard to the battlefield.",6037,['B'],1.0,uncommon,1,Cauldron Familiar,[],['B'],1,{B}
Creature — Cat Spirit,{B}: Twilight Panther gains deathtouch until end of turn.,15630,['W'],1.0,common,2,Twilight Panther,[],"['B', 'W']",1,{W}
Creature — Demon,"Deathtouch
Whenever another nontoken creature dies, you may draw a card.",513,['B'],6.0,rare,5,Harvester of Souls,['Deathtouch'],['B'],5,{4}{B}{B}
Creature — Zombie Beast,"Menace
When Plague Belcher enters the battlefield, put two -1/-1 counters on target creature you control.
Whenever another Zombie you control dies, each opponent loses 1 life.",2047,['B'],3.0,rare,4,Plague Belcher,['Menace'],['B'],5,{2}{B}
Artifact — Food,"When Golden Egg enters the battlefield, draw a card.
{1}, {T}, Sacrifice Golden Egg: Add one mana of any color.
{2}, {T}, Sacrifice Golden Egg: You gain 3 life.",4534,[],2.0,common,,Golden Egg,[],[],,{2}
Instant,"Target creature gets +2/+2 until end of turn. If it's an enchanted creature or enchantment creature, it also gains hexproof and indestructible until end of turn. (It can't be the target of spells or abilities your opponents control. Damage and effects that say ""destroy"" don't destroy it.)",9063,['W'],1.0,common,,Karametra's Blessing,[],['W'],,{W}
Creature — Merfolk Wizard,"Flash
Flying",13009,['U'],5.0,common,3,Wind Strider,"['Flying', 'Flash']",['U'],3,{4}{U}
Creature — Human Noble,"Lifelink
Beloved Princess can't be blocked by creatures with power 3 or greater.",11169,['W'],1.0,common,1,Beloved Princess,['Lifelink'],['W'],1,{W}
Instant,"As an additional cost to cast this spell, sacrifice a creature.
Fling deals damage equal to the sacrificed creature's power to any target.",2050,['R'],2.0,common,,Fling,[],['R'],,{1}{R}
Sorcery,"Return target creature card from your graveyard to the battlefield.
Flashback—Sacrifice three creatures. (You may cast this card from your graveyard for its flashback cost. Then exile it.)",581,['B'],4.0,uncommon,,Dread Return,['Flashback'],['B'],,{2}{B}{B}
Creature — Human Wizard,"Whenever another Human enters the battlefield under your control, untap Captain of the Mists.
{1}{U}, {T}: You may tap or untap target permanent.",8031,['U'],3.0,rare,3,Captain of the Mists,[],['U'],2,{2}{U}
Creature — Demon,"Flying, trample
When Mindwrack Demon enters the battlefield, put the top four cards of your library into your graveyard.
Delirium — At the beginning of your upkeep, you lose 4 life unless there are four or more card types among cards in your graveyard.",7086,['B'],4.0,mythic,5,Mindwrack Demon,"['Flying', 'Delirium', 'Trample']",['B'],4,{2}{B}{B}
Legendary Creature — Human Soldier,"Vigilance
Whenever Taranika, Akroan Veteran attacks, untap another target creature you control. Until end of turn, that creature has base power and toughness 4/4 and gains indestructible.",8674,['W'],3.0,rare,3,"Taranika, Akroan Veteran",['Vigilance'],['W'],3,{1}{W}{W}
Creature — Elemental,"Fertilid enters the battlefield with two +1/+1 counters on it.
{1}{G}, Remove a +1/+1 counter from Fertilid: Target player searches their library for a basic land card, puts it onto the battlefield tapped, then shuffles their library.",655,['G'],3.0,common,0,Fertilid,[],['G'],0,{2}{G}
Sorcery,"Create two 2/2 black Zombie creature tokens.
Flashback {5}{B}{B} (You may cast this card from your graveyard for its flashback cost. Then exile it.)",8403,['B'],4.0,common,,Moan of the Unhallowed,['Flashback'],['B'],,{2}{B}{B}
Instant,Look at the top three cards of your library. Put one of them into your hand and the rest on the bottom of your library in any order.,1238,['U'],2.0,common,,Anticipate,[],['U'],,{1}{U}
Creature — Shapeshifter,"{1}{U}{B}: Exile target creature card from a graveyard. Dimir Doppelganger becomes a copy of that card, except it has this ability.",2737,"['B', 'U']",3.0,rare,2,Dimir Doppelganger,[],"['B', 'U']",0,{1}{U}{B}
Instant,Target attacking creature gets +2/+2 until end of turn. Each attacking non-Human creature gains trample until end of turn.,8075,['R'],1.0,common,,Barge In,[],['R'],,{R}
Enchantment — Aura,"Enchant creature you control
When Aspect of Lamprey enters the battlefield, target opponent discards two cards.
Enchanted creature has lifelink.",13442,['B'],4.0,common,,Aspect of Lamprey,['Enchant'],['B'],,{3}{B}
Sorcery,"Mythos of Vadrok deals 5 damage divided as you choose among any number of target creatures and/or planeswalkers. If {W}{U} was spent to cast this spell, until your next turn, those permanents can't attack or block and their activated abilities can't be activated.",15698,['R'],4.0,rare,,Mythos of Vadrok,[],"['R', 'U', 'W']",,{2}{R}{R}
Instant,"Scorching Dragonfire deals 3 damage to target creature or planeswalker. If that creature or planeswalker would die this turn, exile it instead.",10563,['R'],2.0,common,,Scorching Dragonfire,[],['R'],,{1}{R}
Artifact — Equipment,"Flash
When Shining Armor enters the battlefield, attach it to target Knight you control.
Equipped creature gets +0/+2 and has vigilance.
Equip {3} ({3}: Attach to target creature you control. Equip only as a sorcery.)",8639,['W'],2.0,common,,Shining Armor,"['Equip', 'Flash']",['W'],,{1}{W}
Instant,"Counter target creature or enchantment spell. If that spell is countered this way, exile it instead of putting it into its owner's graveyard.",11343,['U'],3.0,common,,Deny the Divine,[],['U'],,{2}{U}
Enchantment,"When Banishing Light enters the battlefield, exile target nonland permanent an opponent controls until Banishing Light leaves the battlefield. (That permanent returns under its owner's control.)",869,['W'],3.0,uncommon,,Banishing Light,[],['W'],,{2}{W}
Instant,Target creature gets -4/-0 until end of turn. Scry 2.,15401,['U'],1.0,common,,Chain to Memory,['Scry'],['U'],,{U}
Enchantment,Each player can't cast more than one spell each turn.,2069,['W'],3.0,uncommon,,Rule of Law,[],['W'],,{2}{W}
Legendary Creature — Human,"Alirios, Enraptured enters the battlefield tapped.
Alirios doesn't untap during your untap step if you control a Reflection.
When Alirios enters the battlefield, create a 3/2 blue Reflection creature token.",11606,['U'],3.0,uncommon,3,"Alirios, Enraptured",[],['U'],2,{2}{U}
Creature — Human Soldier,"When Slayer of the Wicked enters the battlefield, you may destroy target Vampire, Werewolf, or Zombie.",17240,['W'],4.0,uncommon,2,Slayer of the Wicked,[],['W'],3,{3}{W}
Creature — Angel,"Flying
When Dawning Angel enters the battlefield, you gain 4 life.",12469,['W'],5.0,common,2,Dawning Angel,['Flying'],['W'],3,{4}{W}
Legendary Artifact,"White creature spells you cast cost {1} less to cast.
Whenever you cast a creature spell, create a 1/1 white Warrior creature token with vigilance.",733,[],3.0,uncommon,,Oketra's Monument,[],[],,{3}
Creature — Human Cleric,"Whenever another creature enters the battlefield, you gain 1 life.",700,['W'],1.0,common,1,Soul Warden,[],['W'],1,{W}
Creature — Unicorn // Sorcery — Adventure,,12588,['W'],5.0,common,3,Lonesome Unicorn // Rider in Need,['Vigilance'],['W'],3,{4}{W} // {2}{W}
Instant,Counter target spell. Scry 2.,10621,['U'],4.0,common,,Memory Drain,['Scry'],['U'],,{2}{U}{U}
Sorcery,"Tap target creature. It doesn't untap during its controller's next untap step.
Escape—{2}{U}, Exile three other cards from your graveyard. (You may cast this card from your graveyard for its escape cost.)",15454,['U'],1.0,common,,Sleep of the Dead,['Escape'],['U'],,{U}
Creature — Merfolk Wizard,Shaper Apprentice has flying as long as you control another Merfolk.,10358,['U'],2.0,common,1,Shaper Apprentice,[],['U'],2,{1}{U}
Sorcery,Exile target artifact or enchantment.,3317,['W'],2.0,common,,Revoke Existence,[],['W'],,{1}{W}
Enchantment,"Whenever an opponent draws a card, Underworld Dreams deals 1 damage to that player.",1666,['B'],3.0,uncommon,,Underworld Dreams,[],['B'],,{B}{B}{B}
Legendary Creature — Human Knight,"Whenever Syr Faren, the Hengehammer attacks, another target attacking creature gets +X/+X until end of turn, where X is Syr Faren's power.",8538,['G'],2.0,uncommon,2,"Syr Faren, the Hengehammer",[],['G'],2,{G}{G}
Creature — Human Pirate,"Raid — When Shipwreck Looter enters the battlefield, if you attacked this turn, you may draw a card. If you do, discard a card.",10912,['U'],2.0,common,1,Shipwreck Looter,['Raid'],['U'],2,{1}{U}
Creature — Vampire Soldier,"Whenever Vicious Conquistador attacks, each opponent loses 1 life.",4182,['B'],1.0,uncommon,2,Vicious Conquistador,[],['B'],1,{B}
Instant,Destroy target attacking creature. You gain life equal to its power.,10952,['W'],4.0,uncommon,,Chastise,[],['W'],,{3}{W}
Creature — Archon,"Flying
When Archon of Falling Stars dies, you may return target enchantment card from your graveyard to the battlefield.",10914,['W'],6.0,uncommon,4,Archon of Falling Stars,['Flying'],['W'],4,{4}{W}{W}
Creature — Elemental Lizard,"Whenever Scorch Spitter attacks, it deals 1 damage to the player or planeswalker it's attacking.",9803,['R'],1.0,common,1,Scorch Spitter,[],['R'],1,{R}
Creature — Human Cleric Ally,"Whenever you gain life, you may pay {W}. If you do, put a +1/+1 counter on target creature.",8044,['W'],2.0,uncommon,2,Serene Steward,[],['W'],2,{1}{W}
Creature — Spirit Soldier,"Soulbond (You may pair this creature with another unpaired creature when either enters the battlefield. They remain paired for as long as you control both of them.)
As long as Spectral Gateguards is paired with another creature, both creatures have vigilance.",16602,['W'],5.0,common,5,Spectral Gateguards,['Soulbond'],['W'],2,{4}{W}
Instant,Target creature gets +2/+2 and gains lifelink until end of turn. (Damage dealt by the creature also causes its controller to gain that much life.),8262,['W'],2.0,common,,Moment of Heroism,[],['W'],,{1}{W}
Instant,Draw three cards. Then discard two cards unless you discard an enchantment card.,6857,['U'],3.0,common,,Thirst for Meaning,[],['U'],,{2}{U}
Creature — Merfolk Wizard,"Whenever Towering-Wave Mystic deals damage, target player puts that many cards from the top of their library into their graveyard.",13937,['U'],2.0,common,1,Towering-Wave Mystic,[],['U'],2,{1}{U}
Creature — Human Knight,"Adamant — If at least three white mana was spent to cast this spell, Ardenvale Paladin enters the battlefield with a +1/+1 counter on it.",13350,['W'],4.0,common,5,Ardenvale Paladin,['Adamant'],['W'],2,{3}{W}
Creature — Zombie Merfolk,"Deathtouch
When Mire Triton enters the battlefield, put the top two cards of your library into your graveyard and you gain 2 life.",6518,['B'],2.0,uncommon,1,Mire Triton,['Deathtouch'],['B'],2,{1}{B}
Creature — Spirit,"Flying
When Topplegeist enters the battlefield, tap target creature an opponent controls.
Delirium — At the beginning of each opponent's upkeep, if there are four or more card types among cards in your graveyard, tap target creature that player controls.",7621,['W'],1.0,uncommon,1,Topplegeist,"['Flying', 'Delirium']",['W'],1,{W}
Creature — Merfolk Wizard,"Constellation — Whenever an enchantment enters the battlefield under your control, Triton Waverider gains flying until end of turn.",17849,['U'],4.0,common,3,Triton Waverider,['Constellation'],['U'],3,{3}{U}
Creature — Griffin,"Flying
Whenever another creature enters the battlefield under your control, Griffin Protector gets +1/+1 until end of turn.",12760,['W'],4.0,common,3,Griffin Protector,['Flying'],['W'],2,{3}{W}
Enchantment — Aura,"Flash
Enchant creature
Enchanted creature gets -2/-0. It gets -6/-0 instead as long as its controller has seven or more cards in their graveyard.",13676,['U'],1.0,common,,So Tiny,"['Enchant', 'Flash']",['U'],,{U}
Creature — Angel,"Flying
When Emancipation Angel enters the battlefield, return a permanent you control to its owner's hand.",5313,['W'],3.0,uncommon,3,Emancipation Angel,['Flying'],['W'],3,{1}{W}{W}
Creature — Human Knight,"Menace (This creature can't be blocked except by two or more creatures.)
Adamant — If at least three black mana was spent to cast this spell, Locthwain Paladin enters the battlefield with a +1/+1 counter on it.",13112,['B'],4.0,common,2,Locthwain Paladin,"['Adamant', 'Menace']",['B'],3,{3}{B}
Creature — Ogre Knight,"Whenever Ogre Errant attacks, another target attacking Knight gains menace until end of turn. (It can't be blocked except by two or more creatures.)",13719,['R'],4.0,common,4,Ogre Errant,[],['R'],3,{3}{R}
Instant,"Searing Barrage deals 5 damage to target creature.
Adamant — If at least three red mana was spent to cast this spell, Searing Barrage deals 3 damage to that creature's controller.",13478,['R'],5.0,common,,Searing Barrage,['Adamant'],['R'],,{4}{R}
Creature — Human Rogue,"When Tooth Collector enters the battlefield, target creature an opponent controls gets -1/-1 until end of turn.
Delirium — At the beginning of each opponent's upkeep, if there are four or more card types among cards in your graveyard, target creature that player controls gets -1/-1 until end of turn.",16193,['B'],3.0,uncommon,2,Tooth Collector,['Delirium'],['B'],3,{2}{B}
Creature — Unicorn,"Constellation — Whenever an enchantment enters the battlefield under your control, tap target creature an opponent controls.",14357,['W'],5.0,common,4,Captivating Unicorn,['Constellation'],['W'],4,{4}{W}
Creature — Vampire Noble,"Flying
Whenever Falkenrath Noble or another creature dies, target player loses 1 life and you gain 1 life.",547,['B'],4.0,common,2,Falkenrath Noble,['Flying'],['B'],2,{3}{B}
Creature — Goblin Knight,{1}{R}: Weaselback Redcap gets +2/+0 until end of turn.,12243,['R'],1.0,common,1,Weaselback Redcap,[],['R'],1,{R}
Creature — Zombie,"When Ghoulraiser enters the battlefield, return a Zombie card at random from your graveyard to your hand.",7710,['B'],3.0,common,2,Ghoulraiser,[],['B'],2,{1}{B}{B}
Sorcery,"Create two 1/1 white Human creature tokens.
Fateful hour — If you have 5 or less life, create five of those tokens instead.",7611,['W'],2.0,common,,Gather the Townsfolk,['Fateful hour'],['W'],,{1}{W}
Enchantment Creature — Nymph,"{1}, Sacrifice a creature: Each opponent loses 1 life and you gain 1 life.",7901,['B'],2.0,common,3,Lampad of Death's Vigil,[],['B'],1,{1}{B}
Enchantment Creature — Fish,"Whenever you cast your first spell during each opponent's turn, you may tap or untap target nonland permanent.",12355,['U'],2.0,uncommon,1,Stinging Lionfish,[],['U'],2,{1}{U}
Instant,Exile any number of target creatures you control. Return those cards to the battlefield under their owner's control at the beginning of the next end step.,492,['W'],3.0,rare,,Eerie Interlude,[],['W'],,{2}{W}
Enchantment — Saga,"(As this Saga enters and after your draw step, add a lore counter. Sacrifice after III.)
I, II — Chainer's Torment deals 2 damage to each opponent and you gain 2 life.
III — Create an X/X black Nightmare Horror creature token, where X is half your life total, rounded up. It deals X damage to you.",9293,['B'],4.0,uncommon,,Chainer's Torment,[],['B'],,{3}{B}
Enchantment — Aura,"Enchant creature
When Wolfkin Bond enters the battlefield, create a 2/2 green Wolf creature token.
Enchanted creature gets +2/+2.",9570,['G'],5.0,common,,Wolfkin Bond,['Enchant'],['G'],,{4}{G}
Land,"Dismal Backwater enters the battlefield tapped.
When Dismal Backwater enters the battlefield, you gain 1 life.
{T}: Add {U} or {B}.",282,[],0.0,common,,Dismal Backwater,[],"['B', 'U']",,
Creature — Vampire Knight,"Flash
Bloodcrazed Paladin enters the battlefield with a +1/+1 counter on it for each creature that died this turn.",3689,['B'],2.0,rare,1,Bloodcrazed Paladin,['Flash'],['B'],1,{1}{B}
Creature — Elemental Whale,"Whenever Phase Dolphin attacks, another target attacking creature can't be blocked this turn.",16275,['U'],3.0,common,4,Phase Dolphin,[],['U'],1,{2}{U}
Enchantment — Aura,"Flash
Enchant creature
Enchanted creature gets +1/+1.
As long as enchanted creature has vigilance, it assigns combat damage equal to its toughness rather than its power.",19539,['W'],1.0,common,,Solid Footing,"['Enchant', 'Flash']",['W'],,{W}
Land — Swamp,"({T}: Add {B}.)
Witch's Cottage enters the battlefield tapped unless you control three or more other Swamps.
When Witch's Cottage enters the battlefield untapped, you may put target creature card from your graveyard on top of your library.",1326,[],0.0,common,,Witch's Cottage,[],['B'],,
Creature — Human Warlock,"When Barrow Witches enters the battlefield, return target Knight card from your graveyard to your hand.",14114,['B'],5.0,common,4,Barrow Witches,[],['B'],3,{4}{B}
Creature — Dwarf Knight // Instant — Adventure,,9436,['R'],2.0,common,1,Rimrock Knight // Boulder Rush,[],['R'],3,{1}{R} // {R}
Creature — Centaur Advisor,"When Lagonna-Band Storyteller enters the battlefield, you may put target enchantment card from your graveyard on top of your library. If you do, you gain life equal to its converted mana cost.",11733,['W'],4.0,uncommon,4,Lagonna-Band Storyteller,[],['W'],3,{3}{W}
Creature — Merfolk Pirate,"Flash (You may cast this spell any time you could cast an instant.)
Whenever you cast a spell during an opponent's turn, put a +1/+1 counter on Brineborn Cutthroat.",8030,['U'],2.0,uncommon,1,Brineborn Cutthroat,['Flash'],['U'],2,{1}{U}
Artifact Creature — Golem,"When Pattern Matcher enters the battlefield, you may search your library for a card with the same name as another creature you control, reveal it, put it into your hand, then shuffle your library.",15209,[],4.0,uncommon,3,Pattern Matcher,[],[],3,{4}
Enchantment,Each player can't cast more than one noncreature spell each turn.,2872,['W'],1.0,uncommon,,Deafening Silence,[],['W'],,{W}
Legendary Creature — Elder Giant,"When Uro enters the battlefield, sacrifice it unless it escaped.
Whenever Uro enters the battlefield or attacks, you gain 3 life and draw a card, then you may put a land card from your hand onto the battlefield.
Escape—{G}{G}{U}{U}, Exile five other cards from your graveyard. (You may cast this card from your graveyard for its escape cost.)",3159,"['G', 'U']",3.0,mythic,6,"Uro, Titan of Nature's Wrath",['Escape'],"['G', 'U']",6,{1}{G}{U}
Creature — Human Warrior // Instant — Adventure,,14023,['G'],4.0,common,2,Garenbrig Carver // Shield's Might,[],['G'],3,{3}{G} // {1}{G}
Enchantment — Aura,"Enchant creature
When enchanted creature dies, return that card to the battlefield under your control with a +1/+1 counter on it.",6416,['B'],3.0,common,,Unholy Indenture,['Enchant'],['B'],,{2}{B}
Creature — Faerie,"Flying
Whenever Eye Collector deals combat damage to a player, each player puts the top card of their library into their graveyard.",7600,['B'],1.0,common,1,Eye Collector,['Flying'],['B'],1,{B}
Instant,Prevent all damage that would be dealt this turn by creatures your opponents control.,15251,['G'],3.0,common,,Thwart the Enemy,[],['G'],,{2}{G}
Legendary Creature — Human Advisor,"Whenever an opponent casts a noncreature spell, that player loses 2 life and you gain 2 life.",626,"['B', 'W']",3.0,rare,3,"Kambal, Consul of Allocation",[],"['B', 'W']",2,{1}{W}{B}
Creature — Fox,"As long as you control an artifact or enchantment, Flutterfox has flying.",13224,['W'],2.0,common,2,Flutterfox,[],['W'],2,{1}{W}
Enchantment,"Flash
When Omen of the Sea enters the battlefield, scry 2, then draw a card.
{2}{U}, Sacrifice Omen of the Sea: Scry 2.",3394,['U'],2.0,common,,Omen of the Sea,"['Flash', 'Scry']",['U'],,{1}{U}
Creature — Elemental Druid,"{T}: Add {G}. If you control four or more creatures, add {G}{G} instead.",2899,['G'],2.0,common,3,Leafkin Druid,[],['G'],0,{1}{G}
Creature — Elemental Wizard,"Flying
When Cloudkin Seer enters the battlefield, draw a card.",4159,['U'],3.0,common,1,Cloudkin Seer,['Flying'],['U'],2,{2}{U}
Instant,"This spell costs {X} less to cast, where X is your devotion to black. (Each {B} in the mana costs of permanents you control counts toward your devotion to black.)
Destroy target creature.",5517,['B'],4.0,uncommon,,Drag to the Underworld,[],['B'],,{2}{B}{B}
Creature — Human Soldier,"Whenever another Human enters the battlefield under your control, put a +1/+1 counter on Champion of the Parish.",4789,['W'],1.0,rare,1,Champion of the Parish,[],['W'],1,{W}
Creature — Human Knight,"Trample, haste
When Burning-Yard Trainer enters the battlefield, another target Knight you control gets +2/+2 and gains trample and haste until end of turn.",13094,['R'],5.0,uncommon,3,Burning-Yard Trainer,"['Haste', 'Trample']",['R'],3,{4}{R}
Creature — Human Cleric,{T}: You gain 1 life.,8192,['W'],1.0,common,1,Soulmender,[],['W'],1,{W}
Basic Land — Plains,({T}: Add {W}.),,[],0.0,common,,Plains,[],['W'],,
Sorcery,Up to three target creatures can't block this turn. Destroy any of them that are Walls.,13392,['R'],3.0,common,,Blow Your House Down,[],['R'],,{2}{R}
Instant,"As an additional cost to cast this spell, discard a card.
Draw two cards.",958,['R'],2.0,common,,Thrill of Possibility,[],['R'],,{1}{R}
Creature — Human Cleric,"Whenever an Angel enters the battlefield under your control, you gain 4 life.
Whenever an Angel you control dies, create a 1/1 white Spirit creature token with flying.",5083,['W'],2.0,rare,4,Bishop of Wings,[],['W'],1,{W}{W}
Creature — Human Soldier,"Vigilance (Attacking doesn't cause this creature to tap.)
When Steadfast Sentry dies, put a +1/+1 counter on target creature you control.",16607,['W'],3.0,common,2,Steadfast Sentry,['Vigilance'],['W'],3,{2}{W}
Sorcery,Destroy all nonwhite creatures.,1848,['W'],7.0,rare,,Mass Calcify,[],['W'],,{5}{W}{W}
Creature — Elemental Dinosaur,"Trample
Whenever you cast a noncreature spell, put a +1/+1 counter on Pyroceratops.",16368,['R'],4.0,common,3,Pyroceratops,['Trample'],['R'],2,{3}{R}
Legendary Enchantment Creature — Harpy,"Flying
At the beginning of your end step, you may exile an enchantment card from your graveyard. If you do, create a 2/2 black Zombie creature token.",10571,['B'],2.0,rare,1,"Aphemia, the Cacophony",['Flying'],['B'],2,{1}{B}
Creature — Zombie,"When Screeching Skaab enters the battlefield, put the top two cards of your library into your graveyard.",10407,['U'],2.0,common,1,Screeching Skaab,[],['U'],2,{1}{U}
Enchantment — Aura,"Flash
Enchant creature
When enchanted creature dies, return that card to the battlefield under your control.",7274,['B'],3.0,uncommon,,Minion's Return,"['Enchant', 'Flash']",['B'],,{2}{B}
Creature — Human Knight,,16560,['W'],3.0,common,2,Knight of the Keep,[],['W'],3,{2}{W}
Enchantment Creature — Merfolk Soldier,,16705,['U'],4.0,common,5,Nyxborn Seaguard,[],['U'],2,{2}{U}{U}
Creature — Turtle,"Flash
Defender",8248,['U'],2.0,common,5,Riptide Turtle,"['Flash', 'Defender']",['U'],0,{1}{U}
