Count,Tradelist Count,Name,Edition,Card Number,Condition,Language,Foil,Signed,Artist Proof,Altered Art,Misprint,Promo,Textless,My Price,Type
1,0,Abattoir Ghoul,Innistrad,85,Near Mint,English,,,,,,,,,Creature - Zombie
1,0,Abuna Acolyte,Scars of Mirrodin,1,Near Mint,English,,,,,,,,,Creature - Cat Cleric
1,0,Act of Treason,Core Set 2020,124,Near Mint,English,,,,,,,,0,Sorcery
3,0,Aerial Assault,Core Set 2020,1,Near Mint,English,,,,,,,,,Sorcery
1,0,Agonizing Remorse,Theros Beyond Death,83,Near Mint,English,,,,,,,,,Sorcery
1,0,Air Elemental,Core Set 2020,44,Near Mint,English,,,,,,,,,Creature - Elemental
2,0,"Alirios, Enraptured",Theros Beyond Death,42,Near Mint,English,,,,,,,,,Legendary Creature  - Human
1,0,All That Glitters,Throne of Eldraine,2,Near Mint,English,,,,,,,,,Enchantment - Aura
1,0,Alseid of Life's Bounty,Theros Beyond Death,1,Near Mint,English,,,,,,,,,Enchantment Creature  - Nymph
3,0,Altar of the Pantheon,Theros Beyond Death,231,Near Mint,English,,,,,,,,,Artifact
1,0,Ancestral Blade,Core Set 2020,3,Near Mint,English,,,,,,,,,Artifact - Equipment
2,0,Angel of Vitality,Core Set 2020,4,Near Mint,English,,,,,,,,,Creature - Angel
1,0,Angelic Gift,Core Set 2020,5,Near Mint,English,,,,,,,,,Enchantment - Aura
1,0,Angelic Skirmisher,Gatecrash,3,Near Mint,English,,,,,,,,,Creature - Angel
3,0,Anvilwrought Raptor,Core Set 2020,221,Near Mint,English,,,,,,,,,Artifact Creature - Bird
1,0,"Aphemia, the Cacophony",Theros Beyond Death,84,Near Mint,English,,,,,,,,,Legendary Enchantment Creature  - Harpy
1,0,Appetite for Brains,Ultimate Masters,83,Near Mint,English,,,,,,,,,Sorcery
1,0,Archon of Absolution,Throne of Eldraine,3,Near Mint,English,,,,,,,,,Creature - Archon
1,0,Archon of Falling Stars,Theros Beyond Death,2,Near Mint,English,,,,,,,,,Creature  - Archon
2,0,Ardenvale Paladin,Throne of Eldraine,4,Near Mint,English,,,,,,,,,Creature - Human Knight
2,0,Ardenvale Tactician // Dizzying Swoop,Throne of Eldraine,5,Near Mint,English,,,,,,,,,Creature - Human Knight // Instant - Adventure
1,0,Armillary Sphere,Commander 2019,209,Near Mint,English,,,,,,,,,Artifact
1,0,Aspect of Lamprey,Theros Beyond Death,85,Near Mint,English,,,,,,,,,Enchantment  - Aura
1,0,Assault Griffin,Gatecrash,4,Near Mint,English,,,,,,,,,Creature - Griffin
1,0,Bane Alley Broker,Gatecrash,145,Near Mint,English,,,,,,,,,Creature - Human Rogue
1,0,Banishing Light,Theros Beyond Death,4,Near Mint,English,,,,,,,,,Enchantment
1,0,Barge In,Throne of Eldraine,112,Near Mint,English,,,,,,,,,Instant
1,0,Barrow Witches,Throne of Eldraine,77,Near Mint,English,,,,,,,,,Creature - Human Warlock
1,0,Barter in Blood,Commander 2015,115,Near Mint,English,,,,,,,,,Sorcery
1,0,Battalion Foot Soldier,Core Set 2020,7,Near Mint,English,,,,,,,,,Creature - Human Soldier
1,0,Beacon of Unrest,Commander 2019,105,Near Mint,English,,,,,,,,,Sorcery
1,0,Befuddle,Core Set 2020,47,Near Mint,English,,,,,,,,,Instant
1,0,Beloved Princess,Throne of Eldraine,7,Near Mint,English,,,,,,,,,Creature - Human Noble
1,0,Bishop of Wings,Core Set 2020,8,Near Mint,English,,,,,,,,,Creature - Human Cleric
1,0,Blight-Breath Catoblepas,Theros Beyond Death,86,Near Mint,English,,,,,,,,,Creature  - Beast
1,0,Blind Obedience,Commander 2017,57,Near Mint,English,,,,,,,,,Enchantment
1,0,Bloodcrazed Paladin,Ixalan,93,Near Mint,English,,,,,,,,,Creature - Vampire Knight
2,0,Bloodhaze Wolverine,Throne of Eldraine,113,Near Mint,English,,,,,,,,,Creature - Wolverine
1,0,Blossoming Sands,Core Set 2020,243,Near Mint,English,,,,,,,,0,Land
1,0,Blow Your House Down,Throne of Eldraine,114,Near Mint,English,,,,,,,,,Sorcery
1,0,Bonds of Faith,Innistrad,5,Near Mint,English,,,,,,,,,Enchantment - Aura
1,0,Bone Splinters,Core Set 2020,92,Near Mint,English,,,,,,,,,Sorcery
1,0,Bone to Ash,Core Set 2020,48,Near Mint,English,,,,,,,,0,Instant
1,0,Boneclad Necromancer,Core Set 2020,93,Near Mint,English,,,,,,,,,Creature - Human Wizard
1,0,Boreal Elemental,Core Set 2020,49,Near Mint,English,,,,,,,,,Creature - Elemental
4,0,Brimstone Trebuchet,Throne of Eldraine,116,Near Mint,English,,,,,,,,,Artifact Creature - Wall
1,0,Brine Giant,Theros Beyond Death,44,Near Mint,English,,,,,,,,,Creature  - Giant
1,0,Brineborn Cutthroat,Core Set 2020,50,Near Mint,English,,,,,,,,,Creature - Merfolk Pirate
1,0,Bronze Sword,Theros Beyond Death,232,Near Mint,English,,,,,,,,,Artifact  - Equipment
1,0,Burning-Yard Trainer,Throne of Eldraine,117,Near Mint,English,,,,,,,,,Creature - Human Knight
1,0,Bushmeat Poacher,Ikoria: Lair of Behemoths,77,Near Mint,English,,,,,,,,,Creature - Human Soldier
2,0,Butcher Ghoul,Avacyn Restored,89,Near Mint,English,,,,,,,,,Creature - Zombie
1,0,Butcher's Cleaver,Innistrad,217,Near Mint,English,,,,,,,,,Artifact - Equipment
1,0,Captain of the Mists,Duel Decks: Blessed vs. Cursed,24,Near Mint,English,,,,,,,,0,Creature - Human Wizard
1,0,Captivating Unicorn,Theros Beyond Death,6,Near Mint,English,,,,,,,,,Creature  - Unicorn
1,0,Cathedral Sanctifier,Avacyn Restored,11,Near Mint,English,,,,,,,,,Creature - Human Cleric
1,0,Cauldron Familiar,Throne of Eldraine,81,Near Mint,English,,,,,,,,,Creature - Cat
1,0,Chain to Memory,Theros Beyond Death,46,Near Mint,English,,,,,,,,,Instant
1,0,Chainer's Torment,Dominaria,82,Near Mint,English,,,,,,,,,Enchantment - Saga
1,0,Champion of the Parish,Duel Decks: Blessed vs. Cursed,4,Near Mint,English,,,,,,,,0,Creature - Human Soldier
1,0,Chapel Geist,Innistrad,7,Near Mint,English,,,,,,,,,Creature - Spirit
1,0,Chastise,Eighth Edition,9,Near Mint,English,,,,,,,,0,Instant
1,0,Claim the Firstborn,Throne of Eldraine,118,Near Mint,English,,,,,,,,,Sorcery
1,0,Cling to Dust,Theros Beyond Death,87,Near Mint,English,,,,,,,,,Instant
1,0,Clockwork Servant,Throne of Eldraine,216,Near Mint,English,,,,,,,,,Artifact Creature - Gnome
1,0,Clone,Magic 2011,49,Near Mint,English,,,,,,,,0,Creature - Shapeshifter
1,0,Cloudkin Seer,Core Set 2020,54,Near Mint,English,,,,,,,,,Creature - Elemental Wizard
1,0,Cobbled Wings,Ixalan,233,Near Mint,English,,,,,,,,,Artifact - Equipment
1,0,Commanding Presence,Theros Beyond Death,7,Near Mint,English,,,,,,,,,Enchantment  - Aura
1,0,Compelling Deterrence,Shadows over Innistrad,52,Near Mint,English,,,,,,,,,Instant
1,0,Congregate,Magic 2014 Core Set,14,Near Mint,English,,,,,,,,0,Instant
1,0,Contentious Plan,War of the Spark,46,Near Mint,English,,,,,,,,,Sorcery
1,0,Corridor Monitor,Throne of Eldraine,41,Near Mint,English,,,,,,,,,Artifact Creature - Construct
1,0,Corrupted Conscience,Mirrodin Besieged,22,Near Mint,English,,,,,,,,,Enchantment - Aura
1,0,Crackling Perimeter,Gatecrash,88,Near Mint,English,,,,,,,,,Enchantment
1,0,Crashing Drawbridge,Throne of Eldraine,217,Near Mint,English,,,,,,,,,Artifact Creature - Wall
1,0,Dawn Evangel,Theros Beyond Death,8,Near Mint,English,,,,,,,,,Enchantment Creature  - Human Cleric
1,0,Dawn of Hope,Guilds of Ravnica,8,Near Mint,English,,,,,,,,,Enchantment
1,0,Dawning Angel,Core Set 2020,11,Near Mint,English,,,,,,,,,Creature - Angel
1,0,"Daxos, Blessed by the Sun",Theros Beyond Death,9,Near Mint,English,,,,,,,,,Legendary Enchantment Creature  - Demigod
1,0,Daybreak Chaplain,Core Set 2020,12,Near Mint,English,,,,,,,,,Creature - Human Cleric
1,0,Deafening Silence,Throne of Eldraine,10,Near Mint,English,,,,,,,,,Enchantment
1,0,Dearly Departed,Duel Decks: Blessed vs. Cursed,6,Near Mint,English,,,,,,,,0,Creature - Spirit
1,0,Deathless Knight,Throne of Eldraine,208,Near Mint,English,,,,,,,,,Creature - Skeleton Knight
1,0,Deny the Divine,Theros Beyond Death,47,Near Mint,English,,,,,,,,,Instant
1,0,Diamond Knight,Core Set 2020,224,Near Mint,English,,,,,,,,,Artifact Creature - Knight
1,0,Dimir Doppelganger,Guilds of Ravnica Guild Kit,12,Near Mint,English,,,,,,,,,Creature - Shapeshifter
2,0,Diregraf Captain,Duel Decks: Blessed vs. Cursed,68,Near Mint,English,,,,,,,,0,Creature - Zombie Soldier
1,0,Diregraf Ghoul,Core Set 2019,92,Near Mint,English,,,,,,,,,Creature - Zombie
1,0,Disciple of the Old Ways,Gatecrash,118,Near Mint,English,,,,,,,,,Creature - Human Warrior
2,0,Discordant Piper,Theros Beyond Death,88,Near Mint,English,,,,,,,,,Creature  - Zombie Satyr
2,0,Disenchant,Core Set 2020,14,Near Mint,English,,,,,,,,,Instant
4,0,Dismal Backwater,Duel Decks: Blessed vs. Cursed,70,Near Mint,English,,,,,,,,0,Land
1,0,Dive Down,Ixalan,53,Near Mint,English,,,,,,,,,Instant
1,0,Doom Blade,Magic 2011,95,Near Mint,English,,,,,,,,0,Instant
1,0,Doom Foretold,Throne of Eldraine,187,Near Mint,English,,,,,,,,,Enchantment
1,0,Doomed Traveler,Battlebond,91,Near Mint,English,,,,,,,,,Creature - Human Soldier
1,0,Drag to the Underworld,Theros Beyond Death,89,Near Mint,English,,,,,,,,,Instant
1,0,Dread Return,Duel Decks: Blessed vs. Cursed,55,Near Mint,English,,,,,,,,0,Sorcery
1,0,Driver of the Dead,Avacyn Restored,99,Near Mint,English,,,,,,,,,Creature - Vampire
1,0,Dusk Legion Zealot,Rivals of Ixalan,70,Near Mint,English,,,,,,,,,Creature - Vampire Soldier
2,0,Dwarven Mine,Throne of Eldraine,243,Near Mint,English,,,,,,,,,Land - Mountain
1,0,Edgewall Innkeeper,Throne of Eldraine,151,Near Mint,English,,,,,,,,,Creature - Human Peasant
1,0,Eerie Interlude,Duel Decks: Blessed vs. Cursed,8,Near Mint,English,,,,,,,,0,Instant
1,0,Elite Instructor,Theros Beyond Death,49,Near Mint,English,,,,,,,,,Creature  - Human Wizard
1,0,Elspeth's Nightmare,Theros Beyond Death,91,Near Mint,English,,,,,,,,,Enchantment  - Saga
1,0,Emancipation Angel,Ultimate Masters,15,Near Mint,English,,,,,,,,,Creature - Angel
1,0,Embereth Shieldbreaker // Battle Display,Throne of Eldraine,122,Near Mint,English,,,,,,,,0,Creature - Human Knight // Sorcery - Adventure
1,0,Embereth Shieldbreaker // Battle Display,Throne of Eldraine,122,Near Mint,English,foil,,,,,,,0,Creature - Human Knight // Sorcery - Adventure
1,0,Emeria Angel,Iconic Masters,20,Near Mint,English,,,,,,,,,Creature - Angel
1,0,Enchanted Carriage,Throne of Eldraine,218,Near Mint,English,,,,,,,,,Artifact - Vehicle
1,0,Enemy of Enlightenment,Theros Beyond Death,92,Near Mint,English,,,,,,,,,Enchantment Creature  - Demon
1,0,Eternal Skylord,War of the Spark,49,Near Mint,English,,,,,,,,,Creature - Zombie Wizard
1,0,Evil Twin,Battlebond,222,Near Mint,English,,,,,,,,,Creature - Shapeshifter
2,0,Evolving Wilds,Amonkhet,242,Near Mint,English,,,,,,,,0,Land
1,0,Eye Collector,Throne of Eldraine,86,Near Mint,English,,,,,,,,,Creature - Faerie
1,0,Faerie Guidemother // Gift of the Fae,Throne of Eldraine,11,Near Mint,English,,,,,,,,,Creature - Faerie // Sorcery - Adventure
1,0,Falkenrath Noble,Duel Decks: Blessed vs. Cursed,57,Near Mint,English,,,,,,,,0,Creature - Vampire Noble
1,0,"Feather, the Redeemed",War of the Spark,197,Near Mint,English,,,,,,,,,Legendary Creature - Angel
1,0,Fencing Ace,Core Set 2020,16,Near Mint,English,,,,,,,,,Creature - Human Soldier
1,0,Ferocity of the Wilds,Throne of Eldraine,123,Near Mint,English,,,,,,,,,Enchantment
1,0,Fertilid,Battlebond,199,Near Mint,English,,,,,,,,,Creature - Elemental
1,0,Field of the Dead,Core Set 2020,247,Near Mint,English,,,,,,,,,Land
1,0,Fiend Hunter,Ultimate Masters,17,Near Mint,English,,,,,,,,,Creature - Human Cleric
1,0,Final Death,Theros Beyond Death,95,Near Mint,English,,,,,,,,,Instant
1,0,Fire Prophecy,Ikoria: Lair of Behemoths,116,Near Mint,English,,,,,,,,,Instant
2,0,Fling,Throne of Eldraine,126,Near Mint,English,,,,,,,,,Instant
2,0,Flutterfox,Throne of Eldraine,12,Near Mint,English,,,,,,,,,Creature - Fox
1,0,Forbidden Alchemy,Ultimate Masters,56,Near Mint,English,,,,,,,,,Instant
2,0,Fortifying Provisions,Throne of Eldraine,13,Near Mint,English,,,,,,,,,Enchantment
1,0,Frenzied Arynx,Ravnica Allegiance,173,Near Mint,English,,,,,,,,,Creature - Cat Beast
1,0,Frost Lynx,Core Set 2020,62,Near Mint,English,,,,,,,,,Creature - Elemental Cat
1,0,Frostveil Ambush,Ikoria: Lair of Behemoths,52,Near Mint,English,,,,,,,,,Instant
3,0,Fruit of Tizerus,Theros Beyond Death,96,Near Mint,English,,,,,,,,,Sorcery
1,0,Funeral Rites,Theros Beyond Death,97,Near Mint,English,,,,,,,,,Sorcery
1,0,Garenbrig Carver // Shield's Might,Throne of Eldraine,156,Near Mint,English,,,,,,,,,Creature - Human Warrior // Instant - Adventure
1,0,Garenbrig Squire,Throne of Eldraine,158,Near Mint,English,,,,,,,,,Creature - Human Soldier
1,0,Gather the Townsfolk,Dark Ascension,8,Near Mint,English,,,,,,,,,Sorcery
1,0,Geist of Saint Traft,Duel Decks: Blessed vs. Cursed,1,Good (Lightly Played),English,foil,,,,,,,0,Legendary Creature - Spirit Cleric
2,0,Ghoulraiser,Innistrad,102,Near Mint,English,,,,,,,,,Creature - Zombie
1,0,Giant Killer // Chop Down,Throne of Eldraine,14,Near Mint,English,,,,,,,,,Creature - Human Peasant // Instant - Adventure
1,0,Giant Opportunity,Throne of Eldraine,159,Near Mint,English,,,,,,,,,Sorcery
1,0,Gingerbrute,Throne of Eldraine,219,Near Mint,English,,,,,,,,,Artifact Creature - Food Golem
1,0,Glass Casket,Throne of Eldraine,15,Near Mint,English,,,,,,,,,Artifact
1,0,Gleaming Overseer,War of the Spark,198,Near Mint,English,,,,,,,,,Creature - Zombie Wizard
1,0,Glimpse of Freedom,Theros Beyond Death,50,Near Mint,English,,,,,,,,,Instant
1,0,Gloom Pangolin,Ikoria: Lair of Behemoths,89,Near Mint,English,,,,,,,,,Creature - Nightmare Pangolin
2,0,Gods Willing,Core Set 2020,19,Near Mint,English,,,,,,,,,Instant
1,0,Golden Egg,Throne of Eldraine,220,Near Mint,English,,,,,,,,,Artifact - Food
1,0,Goldenglow Moth,Magic 2011,15,Near Mint,English,,,,,,,,,Creature - Insect
1,0,Goldnight Redeemer,Avacyn Restored,23,Near Mint,English,,,,,,,,,Creature - Angel
1,0,Gravecrawler,Duel Decks: Blessed vs. Cursed,59,Near Mint,English,,,,,,,,0,Creature - Zombie
1,0,Gravedigger,Core Set 2020,103,Near Mint,English,,,,,,,,,Creature - Zombie
3,0,Gray Merchant of Asphodel,Theros Beyond Death,99,Near Mint,English,,,,,,,,,Creature - Zombie
2,0,Griffin Protector,Core Set 2020,20,Near Mint,English,,,,,,,,,Creature - Griffin
2,0,Griffin Sentinel,Core Set 2020,21,Near Mint,English,,,,,,,,,Creature - Griffin
1,0,Gryff Vanguard,Avacyn Restored,59,Near Mint,English,,,,,,,,,Creature - Human Knight
1,0,Gutter Skulk,Gatecrash,67,Near Mint,English,,,,,,,,,Creature - Zombie Rat
1,0,Harvester of Souls,Avacyn Restored,107,Near Mint,English,,,,,,,,,Creature - Demon
1,0,Havengul Runebinder,Dark Ascension,39,Near Mint,English,,,,,,,,,Creature - Human Wizard
1,0,Heliod's Punishment,Theros Beyond Death,21,Near Mint,English,,,,,,,,,Enchantment  - Aura
1,0,Henge Walker,Throne of Eldraine,221,Near Mint,English,,,,,,,,,Artifact Creature - Golem
1,0,Herald of Torment,Born of the Gods,75,Near Mint,English,,,,,,,,,Enchantment Creature - Demon
2,0,Heraldic Banner,Throne of Eldraine,222,Near Mint,English,,,,,,,,,Artifact
1,0,Human Frailty,Avacyn Restored,109,Near Mint,English,,,,,,,,,Instant
1,0,Ichthyomorphosis,Theros Beyond Death,51,Near Mint,English,,,,,,,,,Enchantment  - Aura
2,0,Idyllic Grange,Throne of Eldraine,246,Near Mint,English,,,,,,,,,Land - Plains
1,0,Impassioned Orator,Ravnica Allegiance,12,Near Mint,English,,,,,,,,0,Creature - Human Cleric
1,0,Improbable Alliance,Throne of Eldraine,193,Near Mint,English,,,,,,,,,Enchantment
1,0,Increasing Devotion,Commander 2019,66,Near Mint,English,,,,,,,,,Sorcery
1,0,Indomitable Will,Theros Beyond Death,25,Near Mint,English,,,,,,,,,Enchantment - Aura
1,0,Inevitable End,Theros Beyond Death,102,Near Mint,English,,,,,,,,,Enchantment  - Aura
1,0,Infuriate,Core Set 2020,145,Near Mint,English,,,,,,,,0,Instant
1,0,Insatiable Appetite,Throne of Eldraine,162,Near Mint,English,,,,,,,,,Instant
2,0,Inspired Charge,Core Set 2020,24,Near Mint,English,,,,,,,,,Instant
1,0,Irencrag Feat,Throne of Eldraine,127,Near Mint,English,,,,,,,,,Sorcery
1,0,Ivy Elemental,Ikoria: Lair of Behemoths,161,Near Mint,English,,,,,,,,0,Creature - Elemental
2,0,Joust,Throne of Eldraine,129,Near Mint,English,,,,,,,,,Sorcery
1,0,"Kambal, Consul of Allocation",Kaladesh,183,Near Mint,English,,,,,,,,,Legendary Creature - Human Advisor
1,0,Karametra's Blessing,Theros Beyond Death,26,Near Mint,English,,,,,,,,,Instant
1,0,Keensight Mentor,Ikoria: Lair of Behemoths,18,Near Mint,English,,,,,,,,,Creature - Human Cleric
1,0,Kingpin's Pet,Gatecrash,173,Near Mint,English,,,,,,,,,Creature - Thrull
1,0,Knight of the Keep,Throne of Eldraine,19,Near Mint,English,,,,,,,,,Creature - Human Knight
1,0,Knight Watch,Gatecrash,19,Near Mint,English,,,,,,,,,Sorcery
1,0,Lagonna-Band Storyteller,Theros Beyond Death,27,Near Mint,English,,,,,,,,,Creature  - Centaur Advisor
2,0,Lampad of Death's Vigil,Theros Beyond Death,103,Near Mint,English,,,,,,,,,Enchantment Creature  - Nymph
1,0,Last Thoughts,Gatecrash,40,Near Mint,English,,,,,,,,,Sorcery
1,0,Leafkin Druid,Core Set 2020,178,Near Mint,English,,,,,,,,0,Creature - Elemental Druid
1,0,Lightning Stormkin,Core Set 2020,213,Near Mint,English,,,,,,,,,Creature - Elemental Wizard
1,0,Locthwain Paladin,Throne of Eldraine,93,Near Mint,English,,,,,,,,,Creature - Human Knight
2,0,Lonesome Unicorn // Rider in Need,Throne of Eldraine,21,Near Mint,English,,,,,,,,,Creature - Unicorn // Sorcery - Adventure
1,0,Lord of the Accursed,Amonkhet,99,Near Mint,English,,,,,,,,,Creature - Zombie
1,0,Mad Ratter,Throne of Eldraine,130,Near Mint,English,,,,,,,,,Creature - Goblin
1,0,Makeshift Mauler,Duel Decks: Blessed vs. Cursed,45,Near Mint,English,,,,,,,,0,Creature - Zombie Horror
1,0,Maniacal Rage,Core Set 2020,149,Near Mint,English,,,,,,,,,Enchantment - Aura
1,0,Mantle of Tides,Throne of Eldraine,52,Near Mint,English,,,,,,,,,Artifact - Equipment
1,0,Martyr of Sands,Ultimate Masters,25,Near Mint,English,,,,,,,,,Creature - Human Cleric
1,0,Mass Calcify,Magic 2015 Core Set,18,Near Mint,English,,,,,,,,,Sorcery
2,0,Medomai's Prophecy,Theros Beyond Death,53,Near Mint,English,,,,,,,,,Enchantment  - Saga
2,0,Memory Drain,Theros Beyond Death,54,Near Mint,English,,,,,,,,,Instant
1,0,Memory Theft,Throne of Eldraine,96,Near Mint,English,,,,,,,,,Sorcery
2,0,Merchant of the Vale // Haggle,Throne of Eldraine,131,Near Mint,English,,,,,,,,,Creature - Human Peasant // Instant - Adventure
1,0,Mindwrack Demon,Duel Decks: Blessed vs. Cursed,41,Near Mint,English,foil,,,,,,,0,Creature - Demon
1,0,Minion's Return,Theros Beyond Death,104,Near Mint,English,,,,,,,,,Enchantment  - Aura
1,0,Mire Triton,Theros Beyond Death,105,Near Mint,English,,,,,,,,,Creature  - Zombie Merfolk
2,0,Mire's Grasp,Theros Beyond Death,106,Near Mint,English,,,,,,,,,Enchantment  - Aura
1,0,Mist Raven,Modern Masters 2017 Edition,43,Near Mint,English,,,,,,,,,Creature - Bird
1,0,Mistford River Turtle,Throne of Eldraine,56,Near Mint,English,,,,,,,,,Creature - Turtle
2,0,Moan of the Unhallowed,Ultimate Masters,107,Near Mint,English,,,,,,,,,Sorcery
1,0,Moldervine Reclamation,Core Set 2020,214,Near Mint,English,,,,,,,,,Enchantment
2,0,Moment of Heroism,Core Set 2020,30,Near Mint,English,,,,,,,,,Instant
1,0,Momentary Blink,Duel Decks: Blessed vs. Cursed,15,Near Mint,English,,,,,,,,0,Instant
1,0,Moonlit Scavengers,Throne of Eldraine,57,Near Mint,English,,,,,,,,,Creature - Merfolk Rogue
1,0,Mortus Strider,Gatecrash,179,Near Mint,English,,,,,,,,,Creature - Skeleton
1,0,Mysterious Egg,Ikoria: Lair of Behemoths,3,Near Mint,English,,,,,,,,,Creature - Egg
1,0,Mysterious Pathlighter,Throne of Eldraine,22,Near Mint,English,,,,,,,,,Creature - Faerie
1,0,Mythos of Vadrok,Ikoria: Lair of Behemoths,127,Near Mint,English,,,,,,,,,Sorcery
1,0,Naiad of Hidden Coves,Theros Beyond Death,56,Near Mint,English,,,,,,,,,Enchantment Creature  - Nymph
1,0,Negate,Rivals of Ixalan,44,Near Mint,English,,,,,,,,0,Instant
1,0,Nephalia Smuggler,Avacyn Restored,69,Near Mint,English,,,,,,,,,Creature - Human Rogue
1,0,Noosegraf Mob,Battlebond,151,Near Mint,English,,,,,,,,,Creature - Zombie
1,0,Nyx-Fleece Ram,Masters 25,26,Near Mint,English,,,,,,,,,Enchantment Creature - Sheep
1,0,Nyxborn Courser,Theros Beyond Death,29,Near Mint,English,,,,,,,,,Enchantment Creature  - Centaur Scout
1,0,Nyxborn Marauder,Theros Beyond Death,109,Near Mint,English,,,,,,,,,Enchantment Creature  - Minotaur
2,0,Nyxborn Seaguard,Theros Beyond Death,57,Near Mint,English,,,,,,,,,Enchantment Creature  - Merfolk Soldier
1,0,Ogre Errant,Throne of Eldraine,132,Near Mint,English,,,,,,,,,Creature - Ogre Knight
1,0,Oketra's Monument,Amonkhet,233,Near Mint,English,,,,,,,,,Legendary Artifact
1,0,Omen of the Dead,Theros Beyond Death,110,Near Mint,English,,,,,,,,,Enchantment
1,0,Omen of the Sea,Theros Beyond Death,58,Near Mint,English,,,,,,,,,Enchantment
1,0,Omen of the Sun,Theros Beyond Death,30,Near Mint,English,,,,,,,,,Enchantment
1,0,One with the Stars,Theros Beyond Death,59,Near Mint,English,,,,,,,,,Enchantment  - Aura
2,0,Outflank,Throne of Eldraine,23,Near Mint,English,,,,,,,,,Instant
1,0,Path of Bravery,Iconic Masters,26,Near Mint,English,,,,,,,,,Enchantment
1,0,Pattern Matcher,Core Set 2020,234,Near Mint,English,,,,,,,,,Artifact Creature - Golem
1,0,Phalanx Tactics,Theros Beyond Death,31,Near Mint,English,,,,,,,,,Instant
1,0,Pharika's Spawn,Theros Beyond Death,112,Near Mint,English,,,,,,,,,Creature  - Gorgon
1,0,Pious Wayfarer,Theros Beyond Death,32,Near Mint,English,,,,,,,,,Creature  - Human Scout
1,0,Plague Belcher,Amonkhet,104,Near Mint,English,,,,,,,,,Creature - Zombie Beast
7,0,Plains,Throne of Eldraine,250,Near Mint,English,,,,,,,,0,Basic Land - Plains
1,0,Planar Cleansing,Core Set 2020,33,Near Mint,English,,,,,,,,,Sorcery
1,0,Pore Over the Pages,Duel Decks: Blessed vs. Cursed,28,Near Mint,English,,,,,,,,0,Sorcery
1,0,Prismite,Core Set 2020,235,Near Mint,English,,,,,,,,0,Artifact Creature - Golem
1,0,Pyroceratops,Ikoria: Lair of Behemoths,130,Near Mint,English,,,,,,,,,Creature - Elemental Dinosaur
1,0,Rabid Bite,Core Set 2020,190,Near Mint,English,,,,,,,,,Sorcery
1,0,Raging Redcap,Throne of Eldraine,134,Near Mint,English,,,,,,,,,Creature - Goblin Knight
1,0,Rally for the Throne,Throne of Eldraine,25,Near Mint,English,,,,,,,,,Instant
1,0,Reaper of Night // Harvest Fear,Throne of Eldraine,102,Near Mint,English,,,,,,,,,Creature - Specter // Sorcery - Adventure
1,0,Reaver Ambush,Rivals of Ixalan,83,Near Mint,English,,,,,,,,,Instant
1,0,Rebuke,Battlebond,103,Near Mint,English,,,,,,,,,Instant
1,0,Redcap Raiders,Throne of Eldraine,136,Near Mint,English,,,,,,,,,Creature - Goblin Warrior
1,0,Regal Leosaur,Ikoria: Lair of Behemoths,202,Near Mint,English,,,,,,,,,Creature - Dinosaur Cat
1,0,Relentless Skaabs,Dark Ascension,45,Near Mint,English,,,,,,,,,Creature - Zombie
1,0,Requiem Angel,Dark Ascension,18,Near Mint,English,,,,,,,,,Creature - Angel
1,0,Retributive Wand,Core Set 2020,236,Near Mint,English,,,,,,,,,Artifact
1,0,Return to Nature,Throne of Eldraine,173,Near Mint,English,,,,,,,,,Instant
1,0,Revoke Existence,Theros Beyond Death,34,Near Mint,English,,,,,,,,,Sorcery
1,0,Righteousness,Throne of Eldraine,27,Near Mint,English,,,,,,,,,Instant
1,0,Rimrock Knight // Boulder Rush,Throne of Eldraine,137,Near Mint,English,,,,,,,,,Creature - Dwarf Knight // Instant - Adventure
2,0,Riptide Turtle,Theros Beyond Death,61,Near Mint,English,,,,,,,,,Creature  - Turtle
2,0,Roving Keep,Throne of Eldraine,228,Near Mint,English,,,,,,,,,Artifact Creature - Wall
2,0,Rule of Law,Core Set 2020,35,Near Mint,English,,,,,,,,,Enchantment
1,0,Sanguine Sacrament,Ixalan,33,Near Mint,English,,,,,,,,,Instant
1,0,Sanitarium Skeleton,Core Set 2020,112,Near Mint,English,,,,,,,,0,Creature - Skeleton
1,0,Scalding Cauldron,Throne of Eldraine,229,Near Mint,English,,,,,,,,,Artifact
1,0,Scavenging Harpy,Theros Beyond Death,114,Near Mint,English,,,,,,,,,Creature  - Harpy
1,0,Scorch Spitter,Core Set 2020,159,Near Mint,English,,,,,,,,,Creature - Elemental Lizard
2,0,Scorching Dragonfire,Throne of Eldraine,139,Near Mint,English,,,,,,,,,Instant
1,0,Scoured Barrens,Core Set 2020,251,Near Mint,English,,,,,,,,,Land
1,0,Scrapskin Drake,Magic Origins,69,Near Mint,English,,,,,,,,,Creature - Zombie Drake
3,0,Screeching Skaab,Eternal Masters,69,Near Mint,English,,,,,,,,,Creature - Zombie
1,0,Scuttlemutt,Core Set 2020,238,Near Mint,English,,,,,,,,,Artifact Creature - Scarecrow
1,0,Sea God's Scorn,Theros Beyond Death,63,Near Mint,English,,,,,,,,,Sorcery
1,0,Searing Barrage,Throne of Eldraine,140,Near Mint,English,,,,,,,,,Instant
2,0,Segovian Angel,Modern Horizons,25,Near Mint,English,,,,,,,,0,Creature - Angel
1,0,Seraph of Dawn,Avacyn Restored,35,Near Mint,English,,,,,,,,,Creature - Angel
2,0,Serene Steward,Battle for Zendikar,46,Near Mint,English,,,,,,,,,Creature - Human Cleric Ally
1,0,Seven Dwarves,Throne of Eldraine,141,Near Mint,English,,,,,,,,,Creature - Dwarf
1,0,Sever the Bloodline,Duel Decks: Blessed vs. Cursed,63,Near Mint,English,,,,,,,,0,Sorcery
1,0,Shaper Apprentice,Ixalan,75,Near Mint,English,,,,,,,,,Creature - Merfolk Wizard
1,0,Sharpened Pitchfork,Innistrad,232,Near Mint,English,,,,,,,,,Artifact - Equipment
2,0,Shining Armor,Throne of Eldraine,29,Near Mint,English,,,,,,,,,Artifact - Equipment
1,0,Shipwreck Looter,Ixalan,76,Near Mint,English,,,,,,,,,Creature - Human Pirate
1,0,Silverflame Ritual,Throne of Eldraine,30,Near Mint,English,,,,,,,,,Sorcery
2,0,Silverflame Squire // On Alert,Throne of Eldraine,31,Near Mint,English,,,,,,,,,Creature - Human Soldier // Instant - Adventure
1,0,Simic Fluxmage,Gatecrash,49,Near Mint,English,,,,,,,,,Creature - Merfolk Wizard
1,0,Siren Lookout,Ixalan,78,Near Mint,English,,,,,,,,,Creature - Siren Pirate
1,0,Skinbrand Goblin,Gatecrash,105,Near Mint,English,,,,,,,,,Creature - Goblin Warrior
1,0,Skyblinder Staff,Gatecrash,238,Near Mint,English,,,,,,,,,Artifact - Equipment
1,0,Slayer of the Wicked,Innistrad,32,Near Mint,English,,,,,,,,,Creature - Human Soldier
1,0,Sleep of the Dead,Theros Beyond Death,66,Near Mint,English,,,,,,,,,Sorcery
1,0,Smitten Swordmaster // Curry Favor,Throne of Eldraine,105,Near Mint,English,,,,,,,,,Creature - Human Knight // Sorcery - Adventure
1,0,So Tiny,Throne of Eldraine,64,Near Mint,English,,,,,,,,,Enchantment - Aura
1,0,Solid Footing,Ikoria: Lair of Behemoths,31,Near Mint,English,,,,,,,,,Enchantment - Aura
1,0,Soul Manipulation,Modern Masters 2017 Edition,185,Near Mint,English,,,,,,,,,Instant
1,0,Soul Warden,Modern Masters 2017 Edition,24,Near Mint,English,,,,,,,,,Creature - Human Cleric
2,0,Soulmender,Core Set 2020,37,Near Mint,English,,,,,,,,,Creature - Human Cleric
1,0,Spectral Gateguards,Avacyn Restored,37,Near Mint,English,,,,,,,,,Creature - Spirit Soldier
1,0,Spinning Wheel,Throne of Eldraine,234,Near Mint,English,,,,,,,,,Artifact
1,0,Spire Mangler,Ravnica Allegiance,86,Near Mint,English,,,,,,,,,Creature - Insect
1,0,Starlit Mantle,Theros Beyond Death,67,Near Mint,English,,,,,,,,,Enchantment  - Aura
1,0,Steadfast Sentry,Core Set 2020,40,Near Mint,English,,,,,,,,,Creature - Human Soldier
2,0,Stern Dismissal,Theros Beyond Death,68,Near Mint,English,,,,,,,,,Instant
1,0,Stinging Lionfish,Theros Beyond Death,69,Near Mint,English,,,,,,,,,Enchantment Creature  - Fish
2,0,Stitched Drake,Ultimate Masters,72,Near Mint,English,,,,,,,,,Creature - Zombie Drake
1,0,Sunmane Pegasus,Theros Beyond Death,38,Near Mint,English,,,,,,,,,Creature  - Pegasus
1,0,"Syr Faren, the Hengehammer",Throne of Eldraine,177,Near Mint,English,,,,,,,,,Legendary Creature - Human Knight
1,0,"Taigam, Sidisi's Hand",Commander 2017,47,Near Mint,English,,,,,,,,,Legendary Creature - Human Wizard
1,0,Tainted Remedy,Magic Origins,120,Near Mint,English,,,,,,,,,Enchantment
1,0,Tandem Lookout,Modern Masters 2017 Edition,53,Near Mint,English,,,,,,,,,Creature - Human Scout
1,0,"Taranika, Akroan Veteran",Theros Beyond Death,39,Near Mint,English,,,,,,,,,Legendary Creature  - Human Soldier
1,0,Temple of Epiphany,Core Set 2020,253,Near Mint,English,,,,,,,,,Land
2,0,Temple Thief,Theros Beyond Death,116,Near Mint,English,,,,,,,,,Creature  - Human Rogue
1,0,Thaumaturge's Familiar,Theros Beyond Death,238,Near Mint,English,,,,,,,,,Artifact Creature  - Bird
1,0,The Birth of Meletis,Theros Beyond Death,5,Near Mint,English,,,,,,,,,Enchantment  - Saga
1,0,Thicket Crasher,Core Set 2020,196,Near Mint,English,,,,,,,,,Creature - Elemental Rhino
1,0,Thirst for Meaning,Theros Beyond Death,74,Near Mint,English,,,,,,,,,Instant
1,0,Thraben Heretic,Dark Ascension,26,Near Mint,English,,,,,,,,,Creature - Human Wizard
1,0,Threnody Singer,Theros Beyond Death,75,Near Mint,English,,,,,,,,,Creature  - Siren
3,0,Thrill of Possibility,Throne of Eldraine,146,Near Mint,English,,,,,,,,,Instant
1,0,Thrummingbird,Commander Anthology Volume II,52,Near Mint,English,,,,,,,,,Creature - Bird Horror
1,0,Tooth Collector,Shadows over Innistrad,140,Near Mint,English,,,,,,,,,Creature - Human Rogue
1,0,Topplegeist,Shadows over Innistrad,45,Near Mint,English,,,,,,,,,Creature - Spirit
1,0,Totally Lost,War of the Spark,74,Near Mint,English,,,,,,,,,Instant
1,0,Tower Geist,Duel Decks: Blessed vs. Cursed,30,Near Mint,English,,,,,,,,0,Creature - Spirit
1,0,Towering-Wave Mystic,Theros Beyond Death,77,Near Mint,English,,,,,,,,,Creature  - Merfolk Wizard
1,0,Tranquil Cove,Commander 2019,284,Near Mint,English,,,,,,,,,Land
1,0,Trapped in the Tower,Throne of Eldraine,33,Near Mint,English,,,,,,,,,Enchantment - Aura
1,0,Tribute to Hunger,Innistrad,119,Near Mint,English,,,,,,,,,Instant
1,0,Triton Waverider,Theros Beyond Death,78,Near Mint,English,,,,,,,,,Creature  - Merfolk Wizard
2,0,True Love's Kiss,Throne of Eldraine,34,Near Mint,English,,,,,,,,,Instant
1,0,Tuinvale Treefolk // Oaken Boon,Throne of Eldraine,180,Near Mint,English,,,,,,,,,Creature - Treefolk Druid // Sorcery - Adventure
1,0,Twilight Panther,Ravnica Allegiance,28,Near Mint,English,,,,,,,,0,Creature - Cat Spirit
1,0,Unbreathing Horde,Duel Decks: Blessed vs. Cursed,66,Near Mint,English,,,,,,,,0,Creature - Zombie
1,0,Undead Augur,Modern Horizons,112,Near Mint,English,,,,,,,,,Creature - Zombie Wizard
1,0,Undercity Scavenger,Ravnica Allegiance,88,Near Mint,English,,,,,,,,,Creature - Ogre Warrior
1,0,Underworld Charger,Theros Beyond Death,120,Near Mint,English,,,,,,,,,Creature  - Nightmare Horse
1,0,Underworld Connections,Commander 2017,128,Near Mint,English,foil,,,,,,,0,Enchantment - Aura
1,0,Underworld Dreams,Theros Beyond Death,121,Near Mint,English,,,,,,,,,Enchantment
1,0,Unexplained Vision,Throne of Eldraine,70,Near Mint,English,,,,,,,,,Sorcery
1,0,Unholy Indenture,Core Set 2020,119,Near Mint,English,foil,,,,,,,0,Enchantment - Aura
1,0,"Uro, Titan of Nature's Wrath",Theros Beyond Death,229,Near Mint,English,,,,,,,,0,Legendary Creature  - Elder Giant
1,0,Venomous Hierophant,Theros Beyond Death,122,Near Mint,English,,,,,,,,,Creature  - Gorgon Cleric
1,0,Vial of Dragonfire,Core Set 2020,241,Near Mint,English,,,,,,,,,Artifact
1,0,Vicious Conquistador,Ixalan,128,Near Mint,English,,,,,,,,,Creature - Vampire Soldier
1,0,Victim of Night,Innistrad,124,Near Mint,English,,,,,,,,,Instant
1,0,Village Bell-Ringer,Innistrad,41,Near Mint,English,,,,,,,,,Creature - Human Scout
1,0,Vizkopa Guildmage,Iconic Masters,211,Near Mint,English,,,,,,,,0,Creature - Human Wizard
1,0,Voice of the Provinces,Avacyn Restored,40,Near Mint,English,,,,,,,,,Creature - Angel
1,0,Watertrap Weaver,Ixalan,87,Near Mint,English,,,,,,,,,Creature - Merfolk Wizard
2,0,Weapon Rack,Throne of Eldraine,236,Near Mint,English,,,,,,,,,Artifact
2,0,Weaselback Redcap,Throne of Eldraine,148,Near Mint,English,,,,,,,,,Creature - Goblin Knight
2,0,Whirlwind Denial,Theros Beyond Death,81,Near Mint,English,,,,,,,,,Instant
1,0,Wilt,Ikoria: Lair of Behemoths,176,Near Mint,English,,,,,,,,,Instant
1,0,Wind Strider,Ixalan,88,Near Mint,English,,,,,,,,,Creature - Merfolk Wizard
1,0,Wishclaw Talisman,Throne of Eldraine,110,Near Mint,English,,,,,,,,,Artifact
1,0,Witch's Cottage,Throne of Eldraine,249,Near Mint,English,,,,,,,,,Land - Swamp
1,0,Witness of Tomorrows,Theros Beyond Death,82,Near Mint,English,,,,,,,,,Enchantment Creature  - Sphinx
1,0,Wolfkin Bond,Core Set 2020,203,Near Mint,English,,,,,,,,,Enchantment - Aura
1,0,Wonder,Commander Anthology,44,Near Mint,English,,,,,,,,0,Creature - Incarnation
1,0,Yarok's Fenlurker,Core Set 2020,123,Near Mint,English,,,,,,,,,Creature - Horror
2,0,Yoked Ox,Core Set 2020,41,Near Mint,English,,,,,,,,,Creature - Ox
1,0,"Yorvo, Lord of Garenbrig",Throne of Eldraine,185,Near Mint,English,,,,,,,,,Legendary Creature - Giant Noble
2,0,Youthful Knight,Throne of Eldraine,37,Near Mint,English,,,,,,,,,Creature - Human Knight




